Дата,Температура (день),Давление (день),Температура (вечер),Давление (вечер),Облачность (день)-Ясно,Облачность (день)-Малооблачно,Облачность (день)-Переменная облачность,Облачность (день)-Пасмурно,Облачность (вечер)-Ясно,Облачность (вечер)-Малооблачно,Облачность (вечер)-Переменная облачность,Облачность (вечер)-Пасмурно,Ветер (день) (м/с),Ветер (день)-С,Ветер (день)-СВ,Ветер (день)-В,Ветер (день)-ЮВ,Ветер (день)-Ю,Ветер (день)-ЮЗ,Ветер (день)-З,Ветер (день)-СЗ,Ветер (вечер) (м/с),Ветер (вечер)-С,Ветер (вечер)-СВ,Ветер (вечер)-В,Ветер (вечер)-ЮВ,Ветер (вечер)-Ю,Ветер (вечер)-ЮЗ,Ветер (вечер)-З,Ветер (вечер)-СЗ
2014-01-1,0.0,759.0,-1.0,759.0,0,0,0,1,0,0,0,1,1.0,0,0,0,0,0,0,1,0,1.0,0,0,0,0,0,0,1,0
2014-01-2,-1.0,758.0,-2.0,759.0,1,0,0,0,0,0,0,1,1.0,0,0,0,0,0,0,1,0,1.0,0,0,0,0,0,0,1,0
2014-01-3,-3.0,762.0,-3.0,763.0,0,0,0,1,0,0,1,0,1.0,1,0,0,0,0,0,0,0,1.0,1,0,0,0,0,0,0,0
2014-01-4,-8.0,765.0,-8.0,764.0,0,0,0,1,0,0,0,1,3.0,0,0,1,0,0,0,0,0,3.0,0,0,1,0,0,0,0,0
2014-01-5,-10.0,763.0,-11.0,762.0,0,0,0,1,0,0,0,1,1.0,0,0,0,1,0,0,0,0,1.0,0,0,0,1,0,0,0,0
2014-01-6,-12.0,759.0,-10.0,758.0,0,0,1,0,0,0,0,1,2.0,0,0,0,0,1,0,0,0,2.0,0,0,0,0,1,0,0,0
2014-01-7,-6.0,755.0,-6.0,756.0,0,0,1,0,0,0,0,1,1.0,0,0,0,0,1,0,0,0,1.0,0,0,0,0,1,0,0,0
2014-01-8,-3.0,751.0,1.0,749.0,1,0,0,0,0,0,0,1,2.0,0,0,0,0,1,0,0,0,2.0,0,0,0,0,1,0,0,0
2014-01-9,0.0,745.0,0.0,743.0,0,0,0,1,0,0,0,1,2.0,0,0,0,0,0,0,1,0,2.0,0,0,0,0,0,0,1,0
2014-01-10,0.0,742.0,0.0,743.0,0,0,0,1,0,0,0,1,1.0,0,0,0,0,0,0,1,0,1.0,0,0,0,0,0,0,1,0
2014-01-11,1.0,735.0,1.0,735.0,0,0,0,1,0,0,0,1,3.0,0,0,0,0,1,0,0,0,3.0,0,0,0,0,1,0,0,0
2014-01-12,0.0,739.0,-1.0,741.0,0,0,0,1,0,0,1,0,2.0,0,0,0,0,0,1,0,0,2.0,0,0,0,0,0,1,0,0
2014-01-13,1.0,736.0,1.0,737.0,0,0,0,1,0,0,0,1,3.0,0,0,0,0,1,0,0,0,3.0,0,0,0,0,1,0,0,0
2014-01-14,0.0,740.0,-4.0,742.0,0,0,1,0,0,0,1,0,2.0,0,0,0,0,0,1,0,0,2.0,0,0,0,0,0,1,0,0
2014-01-15,-9.0,750.0,-11.0,752.0,0,0,1,0,0,0,0,1,3.0,0,0,0,0,0,0,1,0,3.0,0,0,0,0,0,0,1,0
2014-01-16,-10.0,753.0,-8.0,747.0,0,0,0,1,0,0,0,1,2.0,0,0,1,0,0,0,0,0,2.0,0,0,1,0,0,0,0,0
2014-01-17,-4.0,740.0,-10.0,742.0,0,0,1,0,0,1,0,0,4.0,0,0,0,0,0,0,1,0,4.0,0,0,0,0,0,0,1,0
2014-01-18,-11.0,747.0,-15.0,747.0,0,0,1,0,1,0,0,0,3.0,0,0,0,0,0,0,1,0,3.0,0,0,0,0,0,0,1,0
2014-01-19,-18.0,747.0,-22.0,749.0,1,0,0,0,0,1,0,0,2.0,1,0,0,0,0,0,0,0,2.0,1,0,0,0,0,0,0,0
2014-01-20,-19.0,755.0,-16.0,756.0,1,0,0,0,0,0,0,1,3.0,0,0,0,0,0,0,0,1,3.0,0,0,0,0,0,0,0,1
2014-01-21,-12.0,759.0,-12.0,759.0,0,0,0,1,0,0,0,1,2.0,0,0,0,0,0,0,1,0,2.0,0,0,0,0,0,0,1,0
2014-01-22,-13.0,758.0,-19.0,758.0,1,0,0,0,1,0,0,0,1.0,0,0,1,0,0,0,0,0,1.0,0,0,1,0,0,0,0,0
2014-01-23,-15.0,752.0,-13.0,751.0,0,0,0,1,0,0,0,1,3.0,0,0,1,0,0,0,0,0,3.0,0,0,1,0,0,0,0,0
2014-01-24,-10.0,750.0,-10.0,750.0,0,0,0,1,0,0,0,1,4.0,0,0,1,0,0,0,0,0,4.0,0,0,1,0,0,0,0,0
2014-01-25,-12.0,752.0,-15.0,754.0,0,0,1,0,1,0,0,0,3.0,0,0,1,0,0,0,0,0,3.0,0,0,1,0,0,0,0,0
2014-01-26,-17.0,754.0,-21.0,755.0,1,0,0,0,1,0,0,0,2.0,0,0,0,0,0,0,0,1,2.0,0,0,0,0,0,0,0,1
2014-01-27,-17.0,756.0,-21.0,756.0,0,0,1,0,1,0,0,0,2.0,0,0,0,0,0,0,1,0,2.0,0,0,0,0,0,0,1,0
2014-01-28,-22.0,759.0,-26.0,760.0,1,0,0,0,1,0,0,0,2.0,1,0,0,0,0,0,0,0,2.0,1,0,0,0,0,0,0,0
2014-01-29,-27.0,766.0,-29.0,768.0,1,0,0,0,1,0,0,0,2.0,1,0,0,0,0,0,0,0,2.0,1,0,0,0,0,0,0,0
2014-01-30,-23.0,773.0,-25.0,773.0,1,0,0,0,1,0,0,0,2.0,0,0,0,0,0,0,0,1,2.0,0,0,0,0,0,0,0,1
2014-01-31,-17.0,774.0,-23.0,774.0,1,0,0,0,1,0,0,0,1.0,0,0,0,0,0,0,1,0,1.0,0,0,0,0,0,0,1,0
2014-02-1,-20.0,775.0,-26.0,776.0,0,1,0,0,1,0,0,0,2.0,0,0,1,0,0,0,0,0,2.0,0,0,1,0,0,0,0,0
2014-02-2,-19.0,775.0,-22.0,773.0,1,0,0,0,1,0,0,0,1.0,0,0,0,0,0,1,0,0,1.0,0,0,0,0,0,1,0,0
2014-02-3,-16.0,761.0,-15.0,758.0,0,1,0,0,0,0,0,1,3.0,0,0,0,0,0,0,1,0,3.0,0,0,0,0,0,0,1,0
2014-02-4,-12.0,747.0,-12.0,745.0,0,0,0,1,0,0,0,1,1.0,0,0,0,0,1,0,0,0,1.0,0,0,0,0,1,0,0,0
2014-02-5,-16.0,750.0,-19.0,752.0,1,0,0,0,1,0,0,0,2.0,1,0,0,0,0,0,0,0,2.0,1,0,0,0,0,0,0,0
2014-02-6,-15.0,754.0,-21.0,755.0,1,0,0,0,1,0,0,0,1.0,1,0,0,0,0,0,0,0,1.0,1,0,0,0,0,0,0,0
2014-02-7,-19.0,758.0,-24.0,759.0,1,0,0,0,1,0,0,0,2.0,0,0,0,1,0,0,0,0,2.0,0,0,0,1,0,0,0,0
2014-02-8,-15.0,759.0,-16.0,759.0,0,0,0,1,0,0,0,1,2.0,0,0,0,1,0,0,0,0,2.0,0,0,0,1,0,0,0,0
2014-02-9,-13.0,761.0,-14.0,761.0,0,0,1,0,0,0,1,0,2.0,0,0,1,0,0,0,0,0,2.0,0,0,1,0,0,0,0,0
2014-02-10,-15.0,761.0,-18.0,760.0,1,0,0,0,0,0,1,0,2.0,0,0,1,0,0,0,0,0,2.0,0,0,1,0,0,0,0,0
2014-02-11,-13.0,760.0,-13.0,759.0,0,0,0,1,0,1,0,0,2.0,0,0,0,1,0,0,0,0,2.0,0,0,0,1,0,0,0,0
2014-02-12,-9.0,754.0,-8.0,753.0,0,0,0,1,0,0,0,1,2.0,0,0,0,0,1,0,0,0,2.0,0,0,0,0,1,0,0,0
2014-02-13,-1.0,753.0,-1.0,753.0,0,0,0,1,0,1,0,0,1.0,0,0,0,0,1,0,0,0,1.0,0,0,0,0,1,0,0,0
2014-02-14,1.0,754.0,-1.0,755.0,0,0,1,0,0,0,1,0,2.0,0,0,0,0,1,0,0,0,2.0,0,0,0,0,1,0,0,0
2014-02-15,-3.0,754.0,-6.0,754.0,1,0,0,0,1,0,0,0,2.0,0,0,0,1,0,0,0,0,2.0,0,0,0,1,0,0,0,0
2014-02-16,-4.0,753.0,-5.0,752.0,1,0,0,0,0,0,0,1,1.0,0,0,0,1,0,0,0,0,1.0,0,0,0,1,0,0,0,0
2014-02-17,-5.0,748.0,-7.0,747.0,0,0,0,1,0,0,0,1,2.0,0,0,0,0,1,0,0,0,2.0,0,0,0,0,1,0,0,0
2014-02-18,-3.0,739.0,-2.0,738.0,0,0,0,1,0,0,0,1,1.0,0,0,0,0,1,0,0,0,1.0,0,0,0,0,1,0,0,0
2014-02-19,1.0,737.0,0.0,739.0,0,0,0,1,1,0,0,0,3.0,0,0,0,0,0,0,1,0,3.0,0,0,0,0,0,0,1,0
2014-02-20,0.0,741.0,-2.0,741.0,0,0,1,0,0,0,0,1,1.0,0,0,0,0,0,0,1,0,1.0,0,0,0,0,0,0,1,0
2014-02-21,-3.0,746.0,-13.0,751.0,0,0,1,0,0,1,0,0,2.0,1,0,0,0,0,0,0,0,2.0,1,0,0,0,0,0,0,0
2014-02-22,-16.0,762.0,-19.0,765.0,1,0,0,0,1,0,0,0,2.0,0,1,0,0,0,0,0,0,2.0,0,1,0,0,0,0,0,0
2014-02-23,-17.0,769.0,-20.0,769.0,1,0,0,0,1,0,0,0,2.0,0,0,0,0,1,0,0,0,2.0,0,0,0,0,1,0,0,0
2014-02-24,-15.0,769.0,-18.0,769.0,1,0,0,0,1,0,0,0,2.0,0,0,0,0,0,1,0,0,2.0,0,0,0,0,0,1,0,0
2014-02-25,-9.0,769.0,-13.0,769.0,1,0,0,0,1,0,0,0,2.0,0,0,0,0,0,0,1,0,2.0,0,0,0,0,0,0,1,0
2014-02-26,-4.0,766.0,-9.0,765.0,1,0,0,0,1,0,0,0,2.0,0,0,0,0,0,1,0,0,2.0,0,0,0,0,0,1,0,0
2014-02-27,1.0,762.0,-11.0,761.0,1,0,0,0,1,0,0,0,1.0,0,0,0,0,0,0,1,0,1.0,0,0,0,0,0,0,1,0
2014-02-28,-7.0,759.0,-7.0,759.0,0,0,1,0,0,0,0,1,2.0,0,0,1,0,0,0,0,0,2.0,0,0,1,0,0,0,0,0
2014-03-1,-3.0,759.0,-6.0,759.0,1,0,0,0,1,0,0,0,2.0,0,0,1,0,0,0,0,0,2.0,0,0,1,0,0,0,0,0
2014-03-2,-4.0,759.0,-8.0,758.0,1,0,0,0,1,0,0,0,2.0,0,0,1,0,0,0,0,0,2.0,0,0,1,0,0,0,0,0
2014-03-3,-6.0,757.0,-8.0,757.0,0,0,1,0,1,0,0,0,2.0,0,0,1,0,0,0,0,0,2.0,0,0,1,0,0,0,0,0
2014-03-4,-5.0,756.0,-8.0,755.0,1,0,0,0,1,0,0,0,2.0,0,0,0,1,0,0,0,0,2.0,0,0,0,1,0,0,0,0
2014-03-5,-4.0,755.0,-8.0,755.0,0,0,0,1,0,1,0,0,1.0,0,0,0,0,0,0,1,0,1.0,0,0,0,0,0,0,1,0
2014-03-6,1.0,757.0,-4.0,758.0,1,0,0,0,1,0,0,0,2.0,0,0,0,0,0,0,0,1,2.0,0,0,0,0,0,0,0,1
2014-03-7,1.0,764.0,-6.0,764.0,1,0,0,0,1,0,0,0,3.0,0,0,0,0,0,0,0,1,3.0,0,0,0,0,0,0,0,1
2014-03-8,-1.0,762.0,-4.0,761.0,0,1,0,0,1,0,0,0,3.0,0,0,0,0,0,0,1,0,3.0,0,0,0,0,0,0,1,0
2014-03-9,-2.0,760.0,-4.0,760.0,1,0,0,0,1,0,0,0,2.0,0,0,0,0,0,0,1,0,2.0,0,0,0,0,0,0,1,0
2014-03-10,1.0,758.0,-3.0,756.0,1,0,0,0,1,0,0,0,3.0,0,0,0,0,0,0,1,0,3.0,0,0,0,0,0,0,1,0
2014-03-11,4.0,749.0,-2.0,747.0,1,0,0,0,0,1,0,0,3.0,0,0,0,0,0,1,0,0,3.0,0,0,0,0,0,1,0,0
2014-03-12,2.0,745.0,1.0,743.0,0,1,0,0,0,0,0,1,2.0,0,1,0,0,0,0,0,0,2.0,0,1,0,0,0,0,0,0
2014-03-13,3.0,737.0,2.0,738.0,0,0,1,0,0,1,0,0,3.0,0,0,0,0,0,0,0,1,3.0,0,0,0,0,0,0,0,1
2014-03-14,4.0,741.0,2.0,738.0,1,0,0,0,0,0,1,0,2.0,0,0,0,0,0,0,1,0,2.0,0,0,0,0,0,0,1,0
2014-03-15,5.0,741.0,2.0,741.0,0,1,0,0,0,1,0,0,3.0,0,0,0,0,0,1,0,0,3.0,0,0,0,0,0,1,0,0
2014-03-16,5.0,735.0,5.0,733.0,0,0,0,1,0,0,1,0,4.0,0,0,0,0,1,0,0,0,4.0,0,0,0,0,1,0,0,0
2014-03-17,2.0,734.0,0.0,733.0,0,0,1,0,0,0,1,0,1.0,0,0,0,1,0,0,0,0,1.0,0,0,0,1,0,0,0,0
2014-03-18,0.0,725.0,-1.0,726.0,0,0,0,1,0,0,0,1,3.0,0,0,0,0,0,0,1,0,3.0,0,0,0,0,0,0,1,0
2014-03-19,2.0,737.0,-3.0,740.0,1,0,0,0,0,1,0,0,5.0,0,0,0,0,0,0,1,0,5.0,0,0,0,0,0,0,1,0
2014-03-20,1.0,740.0,-2.0,743.0,1,0,0,0,1,0,0,0,1.0,1,0,0,0,0,0,0,0,1.0,1,0,0,0,0,0,0,0
2014-03-21,1.0,753.0,-6.0,754.0,1,0,0,0,1,0,0,0,2.0,1,0,0,0,0,0,0,0,2.0,1,0,0,0,0,0,0,0
2014-03-22,5.0,748.0,4.0,747.0,0,1,0,0,1,0,0,0,4.0,0,0,0,0,0,1,0,0,4.0,0,0,0,0,0,1,0,0
2014-03-23,9.0,751.0,4.0,753.0,0,1,0,0,1,0,0,0,2.0,0,0,0,0,0,0,1,0,2.0,0,0,0,0,0,0,1,0
2014-03-24,11.0,755.0,5.0,756.0,1,0,0,0,1,0,0,0,2.0,0,0,0,0,0,1,0,0,2.0,0,0,0,0,0,1,0,0
2014-03-25,9.0,755.0,7.0,755.0,1,0,0,0,1,0,0,0,3.0,0,0,0,0,1,0,0,0,3.0,0,0,0,0,1,0,0,0
2014-03-26,13.0,752.0,3.0,754.0,1,0,0,0,0,0,1,0,2.0,0,0,0,0,0,1,0,0,2.0,0,0,0,0,0,1,0,0
2014-03-27,4.0,756.0,1.0,753.0,1,0,0,0,1,0,0,0,2.0,0,1,0,0,0,0,0,0,2.0,0,1,0,0,0,0,0,0
2014-03-28,7.0,740.0,-1.0,739.0,1,0,0,0,0,0,1,0,3.0,0,0,0,0,0,0,1,0,3.0,0,0,0,0,0,0,1,0
2014-03-29,2.0,740.0,-1.0,741.0,0,0,0,1,0,0,0,1,3.0,0,1,0,0,0,0,0,0,3.0,0,1,0,0,0,0,0,0
2014-03-30,3.0,738.0,0.0,735.0,0,0,0,1,0,0,0,1,4.0,0,1,0,0,0,0,0,0,4.0,0,1,0,0,0,0,0,0
2014-03-31,2.0,734.0,-3.0,738.0,1,0,0,0,0,0,1,0,3.0,0,0,0,0,0,0,1,0,3.0,0,0,0,0,0,0,1,0
2014-04-1,0.0,737.0,1.0,736.0,0,0,0,1,0,0,0,1,3.0,0,0,1,0,0,0,0,0,3.0,0,0,1,0,0,0,0,0
2014-04-2,-1.0,738.0,-4.0,741.0,0,0,0,1,0,1,0,0,3.0,0,0,0,0,0,0,1,0,3.0,0,0,0,0,0,0,1,0
2014-04-3,2.0,747.0,-2.0,748.0,0,1,0,0,1,0,0,0,2.0,0,0,0,0,0,1,0,0,2.0,0,0,0,0,0,1,0,0
2014-04-4,4.0,746.0,2.0,746.0,0,0,1,0,0,0,0,1,4.0,0,0,0,0,0,1,0,0,4.0,0,0,0,0,0,1,0,0
2014-04-5,1.0,740.0,0.0,740.0,0,0,0,1,0,0,0,1,2.0,0,0,1,0,0,0,0,0,2.0,0,0,1,0,0,0,0,0
2014-04-6,5.0,745.0,2.0,745.0,0,1,0,0,1,0,0,0,4.0,0,0,0,0,0,0,1,0,4.0,0,0,0,0,0,0,1,0
2014-04-7,11.0,742.0,4.0,744.0,1,0,0,0,1,0,0,0,4.0,0,0,0,0,0,0,1,0,4.0,0,0,0,0,0,0,1,0
2014-04-8,4.0,742.0,4.0,742.0,0,0,1,0,0,0,1,0,1.0,0,0,0,0,0,0,0,1,1.0,0,0,0,0,0,0,0,1
2014-04-9,3.0,744.0,0.0,746.0,0,1,0,0,1,0,0,0,2.0,1,0,0,0,0,0,0,0,2.0,1,0,0,0,0,0,0,0
2014-04-10,1.0,753.0,-1.0,756.0,0,0,1,0,1,0,0,0,2.0,1,0,0,0,0,0,0,0,2.0,1,0,0,0,0,0,0,0
2014-04-11,3.0,762.0,-1.0,763.0,1,0,0,0,1,0,0,0,2.0,1,0,0,0,0,0,0,0,2.0,1,0,0,0,0,0,0,0
2014-04-12,7.0,763.0,3.0,762.0,1,0,0,0,1,0,0,0,3.0,0,0,0,0,0,0,1,0,3.0,0,0,0,0,0,0,1,0
2014-04-13,10.0,760.0,7.0,758.0,1,0,0,0,1,0,0,0,3.0,0,0,0,0,1,0,0,0,3.0,0,0,0,0,1,0,0,0
2014-04-14,11.0,757.0,8.0,756.0,0,0,0,1,1,0,0,0,2.0,0,0,0,0,1,0,0,0,2.0,0,0,0,0,1,0,0,0
2014-04-15,9.0,756.0,8.0,756.0,0,0,1,0,1,0,0,0,2.0,0,0,0,0,0,1,0,0,2.0,0,0,0,0,0,1,0,0
2014-04-16,16.0,756.0,11.0,756.0,1,0,0,0,1,0,0,0,2.0,0,0,0,0,0,1,0,0,2.0,0,0,0,0,0,1,0,0
2014-04-17,15.0,753.0,11.0,753.0,0,0,1,0,0,0,1,0,2.0,0,0,0,0,0,1,0,0,2.0,0,0,0,0,0,1,0,0
2014-04-18,12.0,756.0,8.0,756.0,1,0,0,0,1,0,0,0,1.0,1,0,0,0,0,0,0,0,1.0,1,0,0,0,0,0,0,0
2014-04-19,15.0,757.0,11.0,757.0,1,0,0,0,1,0,0,0,2.0,0,0,0,0,0,0,0,1,2.0,0,0,0,0,0,0,0,1
2014-04-20,18.0,755.0,11.0,754.0,1,0,0,0,1,0,0,0,1.0,0,0,0,0,0,0,1,0,1.0,0,0,0,0,0,0,1,0
2014-04-21,19.0,755.0,11.0,758.0,1,0,0,0,1,0,0,0,2.0,1,0,0,0,0,0,0,0,2.0,1,0,0,0,0,0,0,0
2014-04-22,15.0,759.0,11.0,758.0,1,0,0,0,1,0,0,0,2.0,0,0,0,0,1,0,0,0,2.0,0,0,0,0,1,0,0,0
2014-04-23,20.0,748.0,16.0,744.0,0,1,0,0,1,0,0,0,3.0,0,0,0,0,0,0,1,0,3.0,0,0,0,0,0,0,1,0
2014-04-24,5.0,744.0,1.0,746.0,0,0,1,0,1,0,0,0,3.0,0,0,0,0,0,0,0,1,3.0,0,0,0,0,0,0,0,1
2014-04-25,6.0,743.0,3.0,743.0,0,1,0,0,0,1,0,0,4.0,0,0,0,0,0,0,1,0,4.0,0,0,0,0,0,0,1,0
2014-04-26,6.0,748.0,2.0,751.0,0,1,0,0,0,1,0,0,3.0,0,0,0,0,0,0,0,1,3.0,0,0,0,0,0,0,0,1
2014-04-27,12.0,753.0,10.0,753.0,1,0,0,0,1,0,0,0,3.0,0,0,0,0,0,0,1,0,3.0,0,0,0,0,0,0,1,0
2014-04-28,18.0,753.0,13.0,753.0,0,1,0,0,1,0,0,0,3.0,0,0,0,0,0,0,1,0,3.0,0,0,0,0,0,0,1,0
2014-04-29,19.0,749.0,14.0,749.0,1,0,0,0,0,0,1,0,2.0,0,0,0,0,1,0,0,0,2.0,0,0,0,0,1,0,0,0
2014-04-30,20.0,742.0,13.0,740.0,0,0,1,0,0,0,0,1,2.0,0,0,0,1,0,0,0,0,2.0,0,0,0,1,0,0,0,0
2014-05-1,12.0,743.0,11.0,744.0,0,0,0,1,0,0,1,0,2.0,0,0,0,0,0,0,1,0,2.0,0,0,0,0,0,0,1,0
2014-05-2,18.0,746.0,13.0,744.0,0,1,0,0,1,0,0,0,2.0,0,0,0,0,0,1,0,0,2.0,0,0,0,0,0,1,0,0
2014-05-3,15.0,742.0,12.0,744.0,0,1,0,0,0,0,1,0,2.0,0,0,0,0,0,0,1,0,2.0,0,0,0,0,0,0,1,0
2014-05-4,13.0,753.0,10.0,754.0,1,0,0,0,1,0,0,0,1.0,1,0,0,0,0,0,0,0,1.0,1,0,0,0,0,0,0,0
2014-05-5,20.0,748.0,18.0,746.0,1,0,0,0,0,1,0,0,2.0,0,0,0,1,0,0,0,0,2.0,0,0,0,1,0,0,0,0
2014-05-6,17.0,745.0,12.0,746.0,0,0,1,0,1,0,0,0,2.0,0,0,0,0,0,1,0,0,2.0,0,0,0,0,0,1,0,0
2014-05-7,13.0,753.0,8.0,756.0,0,1,0,0,1,0,0,0,3.0,0,0,0,0,0,0,1,0,3.0,0,0,0,0,0,0,1,0
2014-05-8,15.0,761.0,9.0,761.0,1,0,0,0,1,0,0,0,1.0,0,0,0,0,0,0,1,0,1.0,0,0,0,0,0,0,1,0
2014-05-9,20.0,759.0,17.0,757.0,1,0,0,0,0,0,1,0,1.0,0,0,0,1,0,0,0,0,1.0,0,0,0,1,0,0,0,0
2014-05-10,22.0,754.0,18.0,753.0,0,0,1,0,0,1,0,0,2.0,0,0,1,0,0,0,0,0,2.0,0,0,1,0,0,0,0,0
2014-05-11,28.0,750.0,24.0,750.0,1,0,0,0,0,0,1,0,3.0,0,0,0,0,1,0,0,0,3.0,0,0,0,0,1,0,0,0
2014-05-12,28.0,752.0,24.0,752.0,1,0,0,0,1,0,0,0,1.0,0,0,0,0,0,0,0,1,1.0,0,0,0,0,0,0,0,1
2014-05-13,29.0,751.0,23.0,751.0,1,0,0,0,1,0,0,0,2.0,0,0,0,0,1,0,0,0,2.0,0,0,0,0,1,0,0,0
2014-05-14,30.0,751.0,24.0,751.0,1,0,0,0,1,0,0,0,3.0,0,0,0,0,0,1,0,0,3.0,0,0,0,0,0,1,0,0
2014-05-15,32.0,751.0,24.0,752.0,1,0,0,0,1,0,0,0,2.0,0,0,0,0,0,0,1,0,2.0,0,0,0,0,0,0,1,0
2014-05-16,32.0,753.0,23.0,754.0,1,0,0,0,1,0,0,0,2.0,0,0,0,0,0,0,0,1,2.0,0,0,0,0,0,0,0,1
2014-05-17,23.0,754.0,21.0,754.0,0,0,1,0,0,1,0,0,2.0,0,0,1,0,0,0,0,0,2.0,0,0,1,0,0,0,0,0
2014-05-18,24.0,756.0,18.0,756.0,1,0,0,0,1,0,0,0,2.0,0,1,0,0,0,0,0,0,2.0,0,1,0,0,0,0,0,0
2014-05-19,23.0,757.0,14.0,757.0,1,0,0,0,1,0,0,0,2.0,0,0,0,0,0,0,1,0,2.0,0,0,0,0,0,0,1,0
2014-05-20,27.0,756.0,21.0,757.0,1,0,0,0,1,0,0,0,2.0,0,1,0,0,0,0,0,0,2.0,0,1,0,0,0,0,0,0
2014-05-21,26.0,758.0,17.0,757.0,1,0,0,0,1,0,0,0,2.0,0,0,0,0,0,0,1,0,2.0,0,0,0,0,0,0,1,0
2014-05-22,29.0,756.0,18.0,755.0,1,0,0,0,1,0,0,0,2.0,0,0,0,0,0,0,1,0,2.0,0,0,0,0,0,0,1,0
2014-05-23,30.0,752.0,19.0,752.0,0,1,0,0,1,0,0,0,2.0,0,0,0,0,0,1,0,0,2.0,0,0,0,0,0,1,0,0
2014-05-24,28.0,754.0,20.0,753.0,0,1,0,0,1,0,0,0,2.0,0,1,0,0,0,0,0,0,2.0,0,1,0,0,0,0,0,0
2014-05-25,30.0,751.0,19.0,750.0,1,0,0,0,1,0,0,0,2.0,0,0,0,0,0,0,1,0,2.0,0,0,0,0,0,0,1,0
2014-05-26,30.0,746.0,19.0,745.0,0,1,0,0,1,0,0,0,2.0,0,0,0,0,0,0,1,0,2.0,0,0,0,0,0,0,1,0
2014-05-27,29.0,742.0,19.0,742.0,0,0,1,0,0,0,1,0,2.0,0,1,0,0,0,0,0,0,2.0,0,1,0,0,0,0,0,0
2014-05-28,20.0,744.0,15.0,746.0,0,1,0,0,1,0,0,0,3.0,0,1,0,0,0,0,0,0,3.0,0,1,0,0,0,0,0,0
2014-05-29,21.0,751.0,17.0,753.0,1,0,0,0,1,0,0,0,2.0,0,1,0,0,0,0,0,0,2.0,0,1,0,0,0,0,0,0
2014-05-30,22.0,755.0,14.0,756.0,0,1,0,0,1,0,0,0,1.0,0,0,0,1,0,0,0,0,1.0,0,0,0,1,0,0,0,0
2014-05-31,24.0,756.0,15.0,756.0,1,0,0,0,1,0,0,0,2.0,0,0,0,0,0,0,1,0,2.0,0,0,0,0,0,0,1,0
2014-06-1,26.0,757.0,21.0,756.0,1,0,0,0,1,0,0,0,1.0,0,0,1,0,0,0,0,0,1.0,0,0,1,0,0,0,0,0
2014-06-2,29.0,758.0,19.0,758.0,1,0,0,0,1,0,0,0,3.0,0,0,0,0,0,0,0,1,3.0,0,0,0,0,0,0,0,1
2014-06-3,30.0,758.0,19.0,757.0,1,0,0,0,1,0,0,0,2.0,0,0,0,0,0,0,0,1,2.0,0,0,0,0,0,0,0,1
2014-06-4,31.0,757.0,22.0,756.0,1,0,0,0,1,0,0,0,2.0,0,0,0,0,0,0,0,1,2.0,0,0,0,0,0,0,0,1
2014-06-5,31.0,754.0,21.0,752.0,0,1,0,0,1,0,0,0,1.0,0,0,0,0,0,0,0,1,1.0,0,0,0,0,0,0,0,1
2014-06-6,30.0,749.0,23.0,749.0,0,1,0,0,1,0,0,0,2.0,0,0,0,0,0,0,0,1,2.0,0,0,0,0,0,0,0,1
2014-06-7,26.0,750.0,21.0,751.0,1,0,0,0,1,0,0,0,2.0,0,1,0,0,0,0,0,0,2.0,0,1,0,0,0,0,0,0
2014-06-8,26.0,751.0,21.0,750.0,1,0,0,0,0,1,0,0,2.0,0,0,0,0,0,0,1,0,2.0,0,0,0,0,0,0,1,0
2014-06-9,30.0,746.0,23.0,744.0,0,1,0,0,0,1,0,0,3.0,0,0,0,0,0,0,1,0,3.0,0,0,0,0,0,0,1,0
2014-06-10,23.0,740.0,16.0,740.0,0,1,0,0,0,1,0,0,3.0,0,0,0,0,0,1,0,0,3.0,0,0,0,0,0,1,0,0
2014-06-11,20.0,739.0,18.0,738.0,0,0,1,0,0,1,0,0,1.0,0,0,0,1,0,0,0,0,1.0,0,0,0,1,0,0,0,0
2014-06-12,21.0,737.0,16.0,737.0,0,0,1,0,1,0,0,0,1.0,0,0,0,0,0,0,1,0,1.0,0,0,0,0,0,0,1,0
2014-06-13,22.0,735.0,16.0,734.0,0,0,1,0,0,0,1,0,1.0,1,0,0,0,0,0,0,0,1.0,1,0,0,0,0,0,0,0
2014-06-14,17.0,735.0,13.0,737.0,0,0,1,0,0,1,0,0,4.0,0,0,0,0,0,0,1,0,4.0,0,0,0,0,0,0,1,0
2014-06-15,14.0,736.0,15.0,737.0,0,0,1,0,1,0,0,0,2.0,0,0,0,0,0,0,1,0,2.0,0,0,0,0,0,0,1,0
2014-06-16,19.0,743.0,14.0,745.0,0,0,1,0,0,1,0,0,2.0,0,0,0,0,0,1,0,0,2.0,0,0,0,0,0,1,0,0
2014-06-17,20.0,748.0,18.0,747.0,0,1,0,0,1,0,0,0,3.0,0,0,0,0,0,1,0,0,3.0,0,0,0,0,0,1,0,0
2014-06-18,19.0,745.0,15.0,743.0,0,1,0,0,0,0,0,1,2.0,0,0,0,0,0,0,1,0,2.0,0,0,0,0,0,0,1,0
2014-06-19,16.0,743.0,10.0,745.0,0,1,0,0,1,0,0,0,3.0,0,0,0,0,0,0,1,0,3.0,0,0,0,0,0,0,1,0
2014-06-20,22.0,749.0,17.0,749.0,0,0,1,0,0,1,0,0,2.0,0,0,0,0,0,0,1,0,2.0,0,0,0,0,0,0,1,0
2014-06-21,25.0,747.0,21.0,744.0,1,0,0,0,1,0,0,0,2.0,0,0,0,1,0,0,0,0,2.0,0,0,0,1,0,0,0,0
2014-06-22,25.0,741.0,21.0,744.0,0,1,0,0,0,0,1,0,4.0,0,0,0,0,0,1,0,0,4.0,0,0,0,0,0,1,0,0
2014-06-23,23.0,748.0,17.0,747.0,0,1,0,0,1,0,0,0,2.0,0,0,0,0,0,0,1,0,2.0,0,0,0,0,0,0,1,0
2014-06-24,24.0,746.0,19.0,746.0,0,1,0,0,0,0,0,1,3.0,0,0,0,0,0,0,1,0,3.0,0,0,0,0,0,0,1,0
2014-06-25,23.0,746.0,19.0,746.0,0,1,0,0,0,1,0,0,3.0,0,0,0,0,0,1,0,0,3.0,0,0,0,0,0,1,0,0
2014-06-26,22.0,746.0,19.0,747.0,0,1,0,0,0,1,0,0,3.0,0,0,0,0,0,0,1,0,3.0,0,0,0,0,0,0,1,0
2014-06-27,23.0,745.0,19.0,743.0,0,1,0,0,0,0,0,1,3.0,0,0,1,0,0,0,0,0,3.0,0,0,1,0,0,0,0,0
2014-06-28,16.0,743.0,14.0,745.0,0,0,1,0,0,0,0,1,4.0,0,0,0,0,0,0,1,0,4.0,0,0,0,0,0,0,1,0
2014-06-29,12.0,747.0,11.0,749.0,0,0,1,0,0,0,1,0,4.0,0,0,0,0,0,0,1,0,4.0,0,0,0,0,0,0,1,0
2014-06-30,20.0,753.0,15.0,753.0,0,1,0,0,1,0,0,0,3.0,0,0,0,0,0,0,0,1,3.0,0,0,0,0,0,0,0,1
2014-07-1,25.0,753.0,17.0,753.0,0,1,0,0,1,0,0,0,3.0,0,0,0,0,0,0,1,0,3.0,0,0,0,0,0,0,1,0
2014-07-2,29.0,752.0,19.0,752.0,1,0,0,0,1,0,0,0,2.0,0,0,0,0,0,0,1,0,2.0,0,0,0,0,0,0,1,0
2014-07-3,31.0,750.0,21.0,749.0,1,0,0,0,1,0,0,0,1.0,0,0,0,0,0,0,0,1,1.0,0,0,0,0,0,0,0,1
2014-07-4,31.0,745.0,23.0,746.0,0,1,0,0,0,1,0,0,2.0,0,0,0,0,0,1,0,0,2.0,0,0,0,0,0,1,0,0
2014-07-5,23.0,748.0,20.0,749.0,0,1,0,0,1,0,0,0,2.0,0,0,0,0,0,0,1,0,2.0,0,0,0,0,0,0,1,0
2014-07-6,28.0,750.0,23.0,751.0,0,1,0,0,0,1,0,0,3.0,0,0,0,0,0,0,1,0,3.0,0,0,0,0,0,0,1,0
2014-07-7,22.0,751.0,17.0,750.0,0,0,1,0,0,1,0,0,1.0,0,0,0,1,0,0,0,0,1.0,0,0,0,1,0,0,0,0
2014-07-8,26.0,747.0,21.0,747.0,0,1,0,0,1,0,0,0,3.0,0,1,0,0,0,0,0,0,3.0,0,1,0,0,0,0,0,0
2014-07-9,25.0,744.0,21.0,744.0,1,0,0,0,1,0,0,0,2.0,1,0,0,0,0,0,0,0,2.0,1,0,0,0,0,0,0,0
2014-07-10,26.0,743.0,18.0,744.0,0,1,0,0,0,1,0,0,2.0,0,1,0,0,0,0,0,0,2.0,0,1,0,0,0,0,0,0
2014-07-11,24.0,748.0,17.0,750.0,0,0,1,0,1,0,0,0,2.0,0,0,0,0,0,0,0,1,2.0,0,0,0,0,0,0,0,1
2014-07-12,19.0,752.0,15.0,753.0,1,0,0,0,1,0,0,0,3.0,0,1,0,0,0,0,0,0,3.0,0,1,0,0,0,0,0,0
2014-07-13,26.0,749.0,21.0,748.0,0,0,1,0,0,1,0,0,4.0,0,0,0,0,0,0,1,0,4.0,0,0,0,0,0,0,1,0
2014-07-14,27.0,750.0,20.0,750.0,1,0,0,0,1,0,0,0,2.0,0,1,0,0,0,0,0,0,2.0,0,1,0,0,0,0,0,0
2014-07-15,30.0,752.0,22.0,751.0,0,1,0,0,1,0,0,0,2.0,0,0,0,0,0,0,1,0,2.0,0,0,0,0,0,0,1,0
2014-07-16,32.0,750.0,22.0,750.0,0,1,0,0,1,0,0,0,2.0,0,0,0,0,0,0,1,0,2.0,0,0,0,0,0,0,1,0
2014-07-17,31.0,748.0,24.0,748.0,0,1,0,0,0,0,1,0,2.0,0,0,0,0,0,0,0,1,2.0,0,0,0,0,0,0,0,1
2014-07-18,22.0,749.0,17.0,749.0,0,1,0,0,1,0,0,0,2.0,1,0,0,0,0,0,0,0,2.0,1,0,0,0,0,0,0,0
2014-07-19,23.0,745.0,15.0,745.0,0,0,1,0,0,0,1,0,3.0,0,0,0,0,0,0,0,1,3.0,0,0,0,0,0,0,0,1
2014-07-20,21.0,744.0,14.0,744.0,0,1,0,0,0,0,1,0,3.0,0,0,0,0,0,0,1,0,3.0,0,0,0,0,0,0,1,0
2014-07-21,19.0,745.0,11.0,747.0,0,0,1,0,0,1,0,0,2.0,0,0,0,0,0,0,0,1,2.0,0,0,0,0,0,0,0,1
2014-07-22,24.0,745.0,19.0,745.0,0,0,1,0,0,0,1,0,4.0,0,0,0,0,0,0,0,1,4.0,0,0,0,0,0,0,0,1
2014-07-23,25.0,745.0,20.0,746.0,0,0,1,0,0,1,0,0,2.0,0,0,0,0,0,0,0,1,2.0,0,0,0,0,0,0,0,1
2014-07-24,25.0,746.0,17.0,746.0,0,1,0,0,0,1,0,0,1.0,0,0,0,0,0,0,0,1,1.0,0,0,0,0,0,0,0,1
2014-07-25,23.0,746.0,17.0,746.0,0,1,0,0,1,0,0,0,3.0,0,0,0,0,0,0,0,1,3.0,0,0,0,0,0,0,0,1
2014-07-26,19.0,745.0,15.0,746.0,0,0,1,0,1,0,0,0,2.0,1,0,0,0,0,0,0,0,2.0,1,0,0,0,0,0,0,0
2014-07-27,19.0,749.0,15.0,751.0,0,0,1,0,0,0,1,0,3.0,0,0,0,0,0,0,0,1,3.0,0,0,0,0,0,0,0,1
2014-07-28,22.0,750.0,16.0,752.0,0,0,1,0,1,0,0,0,2.0,0,1,0,0,0,0,0,0,2.0,0,1,0,0,0,0,0,0
2014-07-29,24.0,752.0,19.0,751.0,0,1,0,0,1,0,0,0,2.0,0,0,0,0,0,0,1,0,2.0,0,0,0,0,0,0,1,0
2014-07-30,31.0,750.0,25.0,749.0,1,0,0,0,0,0,1,0,3.0,0,0,0,0,0,0,1,0,3.0,0,0,0,0,0,0,1,0
2014-07-31,31.0,749.0,20.0,749.0,1,0,0,0,1,0,0,0,2.0,0,0,0,0,0,0,1,0,2.0,0,0,0,0,0,0,1,0
2014-08-1,26.0,750.0,21.0,751.0,0,1,0,0,1,0,0,0,2.0,1,0,0,0,0,0,0,0,2.0,1,0,0,0,0,0,0,0
2014-08-2,25.0,751.0,19.0,751.0,0,1,0,0,1,0,0,0,1.0,0,0,0,0,0,0,1,0,1.0,0,0,0,0,0,0,1,0
2014-08-3,24.0,748.0,21.0,747.0,0,0,1,0,1,0,0,0,1.0,1,0,0,0,0,0,0,0,1.0,1,0,0,0,0,0,0,0
2014-08-4,24.0,746.0,21.0,745.0,0,0,1,0,0,1,0,0,2.0,1,0,0,0,0,0,0,0,2.0,1,0,0,0,0,0,0,0
2014-08-5,24.0,745.0,18.0,746.0,0,0,1,0,0,1,0,0,4.0,0,0,1,0,0,0,0,0,4.0,0,0,1,0,0,0,0,0
2014-08-6,26.0,747.0,21.0,747.0,0,0,1,0,0,1,0,0,2.0,0,0,1,0,0,0,0,0,2.0,0,0,1,0,0,0,0,0
2014-08-7,31.0,748.0,26.0,748.0,0,1,0,0,0,0,1,0,2.0,0,0,1,0,0,0,0,0,2.0,0,0,1,0,0,0,0,0
2014-08-8,31.0,746.0,27.0,746.0,0,0,1,0,0,0,1,0,3.0,0,0,1,0,0,0,0,0,3.0,0,0,1,0,0,0,0,0
2014-08-9,35.0,741.0,24.0,741.0,0,0,1,0,0,1,0,0,3.0,0,0,0,0,1,0,0,0,3.0,0,0,0,0,1,0,0,0
2014-08-10,29.0,742.0,22.0,743.0,0,1,0,0,1,0,0,0,3.0,0,0,0,0,0,0,1,0,3.0,0,0,0,0,0,0,1,0
2014-08-11,27.0,743.0,21.0,745.0,0,1,0,0,1,0,0,0,2.0,0,0,0,0,0,0,0,1,2.0,0,0,0,0,0,0,0,1
2014-08-12,27.0,746.0,19.0,747.0,0,1,0,0,1,0,0,0,2.0,1,0,0,0,0,0,0,0,2.0,1,0,0,0,0,0,0,0
2014-08-13,28.0,748.0,19.0,749.0,0,1,0,0,1,0,0,0,2.0,0,0,0,0,0,0,1,0,2.0,0,0,0,0,0,0,1,0
2014-08-14,26.0,748.0,18.0,748.0,1,0,0,0,1,0,0,0,1.0,0,0,0,1,0,0,0,0,1.0,0,0,0,1,0,0,0,0
2014-08-15,29.0,748.0,26.0,745.0,1,0,0,0,1,0,0,0,1.0,0,0,0,0,0,0,0,1,1.0,0,0,0,0,0,0,0,1
2014-08-16,37.0,742.0,33.0,740.0,0,1,0,0,0,0,1,0,2.0,0,0,0,0,0,0,1,0,2.0,0,0,0,0,0,0,1,0
2014-08-17,33.0,739.0,25.0,741.0,0,1,0,0,1,0,0,0,2.0,0,0,0,0,0,0,1,0,2.0,0,0,0,0,0,0,1,0
2014-08-18,28.0,747.0,25.0,747.0,0,0,1,0,0,1,0,0,2.0,0,0,0,0,0,0,1,0,2.0,0,0,0,0,0,0,1,0
2014-08-19,22.0,749.0,21.0,749.0,0,0,1,0,0,0,1,0,1.0,0,0,0,0,0,1,0,0,1.0,0,0,0,0,0,1,0,0
2014-08-20,23.0,747.0,21.0,748.0,0,0,1,0,1,0,0,0,1.0,1,0,0,0,0,0,0,0,1.0,1,0,0,0,0,0,0,0
2014-08-21,22.0,748.0,20.0,748.0,0,1,0,0,0,0,1,0,1.0,0,0,0,0,0,0,0,1,1.0,0,0,0,0,0,0,0,1
2014-08-22,27.0,746.0,18.0,746.0,0,1,0,0,1,0,0,0,2.0,0,0,0,0,0,0,0,1,2.0,0,0,0,0,0,0,0,1
2014-08-23,27.0,746.0,19.0,746.0,0,0,1,0,1,0,0,0,2.0,0,0,0,0,0,0,1,0,2.0,0,0,0,0,0,0,1,0
2014-08-24,23.0,750.0,18.0,751.0,1,0,0,0,1,0,0,0,2.0,0,1,0,0,0,0,0,0,2.0,0,1,0,0,0,0,0,0
2014-08-25,24.0,751.0,20.0,750.0,1,0,0,0,1,0,0,0,2.0,0,0,1,0,0,0,0,0,2.0,0,0,1,0,0,0,0,0
2014-08-26,21.0,747.0,16.0,746.0,0,0,1,0,0,0,1,0,2.0,0,0,1,0,0,0,0,0,2.0,0,0,1,0,0,0,0,0
2014-08-27,22.0,748.0,13.0,747.0,0,0,1,0,1,0,0,0,1.0,0,0,0,0,0,0,0,1,1.0,0,0,0,0,0,0,0,1
2014-08-28,19.0,745.0,16.0,742.0,0,1,0,0,0,1,0,0,1.0,0,1,0,0,0,0,0,0,1.0,0,1,0,0,0,0,0,0
2014-08-29,19.0,740.0,15.0,744.0,0,0,1,0,1,0,0,0,6.0,0,0,0,0,0,0,1,0,6.0,0,0,0,0,0,0,1,0
2014-08-30,20.0,746.0,13.0,747.0,0,0,1,0,0,0,1,0,3.0,0,0,0,0,0,1,0,0,3.0,0,0,0,0,0,1,0,0
2014-08-31,17.0,749.0,12.0,751.0,0,0,1,0,0,0,0,1,3.0,0,0,0,0,0,0,1,0,3.0,0,0,0,0,0,0,1,0
2014-09-1,20.0,755.0,15.0,756.0,0,0,1,0,1,0,0,0,2.0,0,0,0,0,0,0,0,1,2.0,0,0,0,0,0,0,0,1
2014-09-2,20.0,757.0,16.0,757.0,0,1,0,0,1,0,0,0,2.0,1,0,0,0,0,0,0,0,2.0,1,0,0,0,0,0,0,0
2014-09-3,23.0,754.0,19.0,752.0,0,1,0,0,0,0,1,0,1.0,0,0,0,0,0,0,0,1,1.0,0,0,0,0,0,0,0,1
2014-09-4,19.0,750.0,15.0,750.0,0,0,1,0,0,1,0,0,2.0,0,0,0,0,0,0,0,1,2.0,0,0,0,0,0,0,0,1
2014-09-5,19.0,751.0,10.0,751.0,0,0,1,0,1,0,0,0,1.0,1,0,0,0,0,0,0,0,1.0,1,0,0,0,0,0,0,0
2014-09-6,22.0,749.0,12.0,749.0,0,0,1,0,1,0,0,0,2.0,0,0,0,0,0,0,0,1,2.0,0,0,0,0,0,0,0,1
2014-09-7,22.0,750.0,13.0,751.0,0,1,0,0,0,0,1,0,1.0,0,0,0,0,0,0,0,1,1.0,0,0,0,0,0,0,0,1
2014-09-8,19.0,753.0,14.0,754.0,0,0,1,0,1,0,0,0,2.0,0,1,0,0,0,0,0,0,2.0,0,1,0,0,0,0,0,0
2014-09-9,18.0,755.0,13.0,755.0,1,0,0,0,1,0,0,0,1.0,0,0,1,0,0,0,0,0,1.0,0,0,1,0,0,0,0,0
2014-09-10,21.0,756.0,15.0,757.0,1,0,0,0,1,0,0,0,1.0,0,0,1,0,0,0,0,0,1.0,0,0,1,0,0,0,0,0
2014-09-11,21.0,758.0,17.0,758.0,1,0,0,0,1,0,0,0,2.0,0,0,1,0,0,0,0,0,2.0,0,0,1,0,0,0,0,0
2014-09-12,25.0,757.0,17.0,756.0,1,0,0,0,0,0,1,0,1.0,0,0,0,0,0,0,1,0,1.0,0,0,0,0,0,0,1,0
2014-09-13,23.0,754.0,11.0,753.0,1,0,0,0,1,0,0,0,2.0,0,0,0,0,0,0,1,0,2.0,0,0,0,0,0,0,1,0
2014-09-14,24.0,752.0,18.0,752.0,0,1,0,0,1,0,0,0,2.0,0,0,0,0,0,0,1,0,2.0,0,0,0,0,0,0,1,0
2014-09-15,22.0,751.0,14.0,750.0,0,1,0,0,1,0,0,0,1.0,0,0,0,0,0,0,1,0,1.0,0,0,0,0,0,0,1,0
2014-09-16,13.0,748.0,7.0,751.0,0,0,1,0,1,0,0,0,4.0,0,0,0,0,0,0,0,1,4.0,0,0,0,0,0,0,0,1
2014-09-17,9.0,753.0,7.0,753.0,0,0,1,0,0,0,1,0,3.0,0,0,0,0,0,0,0,1,3.0,0,0,0,0,0,0,0,1
2014-09-18,9.0,757.0,7.0,759.0,0,0,1,0,0,0,0,1,2.0,0,0,0,0,0,0,0,1,2.0,0,0,0,0,0,0,0,1
2014-09-19,14.0,760.0,6.0,759.0,1,0,0,0,1,0,0,0,3.0,0,0,0,0,0,1,0,0,3.0,0,0,0,0,0,1,0,0
2014-09-20,17.0,756.0,7.0,756.0,1,0,0,0,1,0,0,0,2.0,0,0,0,0,0,1,0,0,2.0,0,0,0,0,0,1,0,0
2014-09-21,20.0,754.0,10.0,754.0,1,0,0,0,1,0,0,0,2.0,0,0,0,0,0,0,1,0,2.0,0,0,0,0,0,0,1,0
2014-09-22,20.0,752.0,10.0,752.0,0,1,0,0,1,0,0,0,1.0,0,0,0,1,0,0,0,0,1.0,0,0,0,1,0,0,0,0
2014-09-23,17.0,749.0,14.0,747.0,0,0,1,0,1,0,0,0,2.0,0,0,1,0,0,0,0,0,2.0,0,0,1,0,0,0,0,0
2014-09-24,24.0,743.0,17.0,743.0,1,0,0,0,1,0,0,0,2.0,0,0,1,0,0,0,0,0,2.0,0,0,1,0,0,0,0,0
2014-09-25,16.0,745.0,13.0,746.0,0,1,0,0,1,0,0,0,0.0,0,0,0,0,0,0,0,0,0.0,0,0,0,0,0,0,0,0
2014-09-26,17.0,749.0,14.0,750.0,0,0,1,0,1,0,0,0,1.0,0,0,0,0,0,0,0,1,1.0,0,0,0,0,0,0,0,1
2014-09-27,19.0,750.0,15.0,749.0,0,1,0,0,0,0,1,0,1.0,0,0,0,1,0,0,0,0,1.0,0,0,0,1,0,0,0,0
2014-09-28,18.0,748.0,13.0,749.0,0,0,1,0,0,0,1,0,2.0,0,0,0,0,0,0,1,0,2.0,0,0,0,0,0,0,1,0
2014-09-29,16.0,749.0,11.0,749.0,0,0,1,0,0,0,1,0,1.0,0,0,0,0,0,0,0,1,1.0,0,0,0,0,0,0,0,1
2014-09-30,14.0,744.0,12.0,741.0,0,0,1,0,0,0,1,0,2.0,0,0,0,0,0,0,1,0,2.0,0,0,0,0,0,0,1,0
2014-10-1,8.0,743.0,6.0,744.0,0,0,0,1,0,0,1,0,3.0,0,0,0,0,0,0,1,0,3.0,0,0,0,0,0,0,1,0
2014-10-2,3.0,747.0,4.0,748.0,0,0,0,1,0,0,0,1,3.0,0,0,0,0,0,0,0,1,3.0,0,0,0,0,0,0,0,1
2014-10-3,6.0,749.0,2.0,749.0,0,0,1,0,1,0,0,0,3.0,0,0,0,0,0,0,0,1,3.0,0,0,0,0,0,0,0,1
2014-10-4,9.0,747.0,3.0,749.0,0,0,1,0,0,0,1,0,2.0,0,0,0,0,0,0,0,1,2.0,0,0,0,0,0,0,0,1
2014-10-5,6.0,755.0,3.0,757.0,0,0,1,0,0,0,1,0,1.0,1,0,0,0,0,0,0,0,1.0,1,0,0,0,0,0,0,0
2014-10-6,6.0,761.0,5.0,761.0,0,0,1,0,0,1,0,0,1.0,0,0,0,0,0,0,0,1,1.0,0,0,0,0,0,0,0,1
2014-10-7,8.0,761.0,4.0,760.0,0,1,0,0,1,0,0,0,3.0,0,0,0,0,0,0,0,1,3.0,0,0,0,0,0,0,0,1
2014-10-8,4.0,762.0,3.0,762.0,0,1,0,0,0,0,0,1,2.0,0,0,0,0,0,0,0,1,2.0,0,0,0,0,0,0,0,1
2014-10-9,9.0,761.0,5.0,760.0,1,0,0,0,1,0,0,0,2.0,0,0,0,0,0,0,1,0,2.0,0,0,0,0,0,0,1,0
2014-10-10,13.0,756.0,12.0,755.0,0,0,1,0,0,0,0,1,4.0,0,0,0,0,0,0,1,0,4.0,0,0,0,0,0,0,1,0
2014-10-11,19.0,749.0,14.0,751.0,0,0,1,0,0,0,1,0,4.0,0,0,0,0,0,0,1,0,4.0,0,0,0,0,0,0,1,0
2014-10-12,15.0,752.0,9.0,752.0,0,1,0,0,1,0,0,0,2.0,0,0,0,0,0,0,1,0,2.0,0,0,0,0,0,0,1,0
2014-10-13,19.0,748.0,15.0,747.0,1,0,0,0,1,0,0,0,3.0,0,0,0,0,0,0,1,0,3.0,0,0,0,0,0,0,1,0
2014-10-14,15.0,747.0,11.0,749.0,0,0,1,0,0,1,0,0,2.0,0,0,0,0,0,0,0,1,2.0,0,0,0,0,0,0,0,1
2014-10-15,13.0,749.0,12.0,748.0,0,1,0,0,1,0,0,0,2.0,0,0,0,0,0,0,1,0,2.0,0,0,0,0,0,0,1,0
2014-10-16,17.0,743.0,13.0,744.0,0,1,0,0,1,0,0,0,3.0,0,0,0,0,0,1,0,0,3.0,0,0,0,0,0,1,0,0
2014-10-17,17.0,738.0,14.0,736.0,0,0,1,0,0,0,0,1,1.0,0,0,0,1,0,0,0,0,1.0,0,0,0,1,0,0,0,0
2014-10-18,2.0,739.0,0.0,740.0,0,0,0,1,0,0,0,1,2.0,0,0,0,0,0,0,0,1,2.0,0,0,0,0,0,0,0,1
2014-10-19,-2.0,745.0,-4.0,748.0,0,0,0,1,0,0,1,0,3.0,0,0,0,0,0,0,0,1,3.0,0,0,0,0,0,0,0,1
2014-10-20,-1.0,745.0,-2.0,740.0,0,0,1,0,0,0,0,1,2.0,0,0,0,0,1,0,0,0,2.0,0,0,0,0,1,0,0,0
2014-10-21,3.0,737.0,4.0,735.0,0,0,0,1,1,0,0,0,2.0,0,0,1,0,0,0,0,0,2.0,0,0,1,0,0,0,0,0
2014-10-22,1.0,738.0,-4.0,742.0,0,0,1,0,0,0,0,1,3.0,0,0,0,0,0,0,1,0,3.0,0,0,0,0,0,0,1,0
2014-10-23,-6.0,748.0,-9.0,750.0,0,0,1,0,0,0,1,0,4.0,0,0,0,0,0,0,1,0,4.0,0,0,0,0,0,0,1,0
2014-10-24,-6.0,755.0,-7.0,756.0,0,0,1,0,0,0,1,0,3.0,0,0,0,0,0,0,0,1,3.0,0,0,0,0,0,0,0,1
2014-10-25,-5.0,758.0,-6.0,759.0,0,0,0,1,0,0,0,1,2.0,1,0,0,0,0,0,0,0,2.0,1,0,0,0,0,0,0,0
2014-10-26,-5.0,764.0,-5.0,764.0,0,0,1,0,0,1,0,0,2.0,0,0,0,0,0,0,0,1,2.0,0,0,0,0,0,0,0,1
2014-10-27,2.0,762.0,1.0,761.0,1,0,0,0,0,1,0,0,3.0,0,0,0,0,0,0,1,0,3.0,0,0,0,0,0,0,1,0
2014-10-28,3.0,756.0,3.0,755.0,0,0,0,1,0,0,0,1,4.0,0,0,0,0,0,0,1,0,4.0,0,0,0,0,0,0,1,0
2014-10-29,7.0,755.0,5.0,756.0,0,1,0,0,0,0,0,1,2.0,0,0,0,0,0,0,1,0,2.0,0,0,0,0,0,0,1,0
2014-10-30,7.0,757.0,6.0,756.0,0,0,0,1,0,0,0,1,1.0,0,0,0,0,1,0,0,0,1.0,0,0,0,0,1,0,0,0
2014-10-31,8.0,752.0,6.0,751.0,0,0,1,0,0,0,0,1,3.0,0,0,0,0,0,1,0,0,3.0,0,0,0,0,0,1,0,0
2014-11-1,4.0,745.0,2.0,744.0,0,1,0,0,1,0,0,0,0.0,0,0,0,0,0,0,0,0,0.0,0,0,0,0,0,0,0,0
2014-11-2,2.0,745.0,1.0,746.0,0,0,0,1,0,0,1,0,3.0,0,1,0,0,0,0,0,0,3.0,0,1,0,0,0,0,0,0
2014-11-3,4.0,750.0,2.0,752.0,0,1,0,0,1,0,0,0,1.0,0,1,0,0,0,0,0,0,1.0,0,1,0,0,0,0,0,0
2014-11-4,-1.0,753.0,-2.0,752.0,0,0,0,1,0,0,0,1,1.0,1,0,0,0,0,0,0,0,1.0,1,0,0,0,0,0,0,0
2014-11-5,4.0,751.0,2.0,751.0,0,1,0,0,1,0,0,0,1.0,0,0,0,0,0,1,0,0,1.0,0,0,0,0,0,1,0,0
2014-11-6,1.0,753.0,0.0,754.0,0,1,0,0,0,0,0,1,1.0,0,0,0,0,0,0,0,1,1.0,0,0,0,0,0,0,0,1
2014-11-7,4.0,755.0,3.0,756.0,0,0,0,1,0,0,0,1,1.0,0,0,0,0,0,0,1,0,1.0,0,0,0,0,0,0,1,0
2014-11-8,4.0,755.0,5.0,755.0,0,0,0,1,0,0,0,1,2.0,0,0,0,0,0,1,0,0,2.0,0,0,0,0,0,1,0,0
2014-11-9,4.0,757.0,5.0,758.0,0,0,0,1,1,0,0,0,2.0,0,0,0,0,0,1,0,0,2.0,0,0,0,0,0,1,0,0
2014-11-10,6.0,759.0,4.0,763.0,0,1,0,0,0,0,0,1,2.0,0,0,0,0,0,0,1,0,2.0,0,0,0,0,0,0,1,0
2014-11-11,2.0,766.0,2.0,766.0,0,0,0,1,0,1,0,0,1.0,0,0,0,0,0,0,1,0,1.0,0,0,0,0,0,0,1,0
2014-11-12,4.0,761.0,3.0,760.0,0,0,1,0,0,0,1,0,2.0,0,0,0,0,0,1,0,0,2.0,0,0,0,0,0,1,0,0
2014-11-13,5.0,759.0,2.0,759.0,0,0,0,1,0,1,0,0,2.0,0,0,0,0,0,0,1,0,2.0,0,0,0,0,0,0,1,0
2014-11-14,2.0,759.0,2.0,760.0,0,0,0,1,0,0,0,1,1.0,0,0,0,0,0,0,0,1,1.0,0,0,0,0,0,0,0,1
2014-11-15,-1.0,759.0,-4.0,759.0,0,0,0,1,0,1,0,0,1.0,0,0,0,0,0,0,0,1,1.0,0,0,0,0,0,0,0,1
2014-11-16,-8.0,762.0,-9.0,763.0,0,0,1,0,1,0,0,0,1.0,1,0,0,0,0,0,0,0,1.0,1,0,0,0,0,0,0,0
2014-11-17,-6.0,765.0,-9.0,765.0,1,0,0,0,1,0,0,0,0.0,0,0,0,0,0,0,0,0,0.0,0,0,0,0,0,0,0,0
2014-11-18,-6.0,766.0,-9.0,766.0,0,0,1,0,1,0,0,0,2.0,0,0,0,0,0,0,1,0,2.0,0,0,0,0,0,0,1,0
2014-11-19,-6.0,765.0,-8.0,771.0,0,0,1,0,0,0,0,1,2.0,0,0,0,0,0,0,1,0,2.0,0,0,0,0,0,0,1,0
2014-11-20,-4.0,762.0,-3.0,762.0,0,0,0,1,0,0,0,1,1.0,1,0,0,0,0,0,0,0,1.0,1,0,0,0,0,0,0,0
2014-11-21,-1.0,762.0,-1.0,762.0,0,0,1,0,0,0,0,1,1.0,0,0,0,0,0,0,0,1,1.0,0,0,0,0,0,0,0,1
2014-11-22,-1.0,757.0,-4.0,755.0,1,0,0,0,1,0,0,0,2.0,0,0,0,0,0,0,1,0,2.0,0,0,0,0,0,0,1,0
2014-11-23,-3.0,756.0,-8.0,761.0,0,0,1,0,0,0,1,0,2.0,1,0,0,0,0,0,0,0,2.0,1,0,0,0,0,0,0,0
2014-11-24,-11.0,770.0,-13.0,770.0,1,0,0,0,1,0,0,0,1.0,0,0,0,1,0,0,0,0,1.0,0,0,0,1,0,0,0,0
2014-11-25,-7.0,767.0,-10.0,766.0,0,0,1,0,1,0,0,0,3.0,0,0,0,0,0,0,1,0,3.0,0,0,0,0,0,0,1,0
2014-11-26,-7.0,760.0,-9.0,759.0,1,0,0,0,1,0,0,0,3.0,0,0,0,0,0,0,1,0,3.0,0,0,0,0,0,0,1,0
2014-11-27,-8.0,763.0,-8.0,763.0,0,0,0,1,0,0,0,1,1.0,0,0,0,0,1,0,0,0,1.0,0,0,0,0,1,0,0,0
2014-11-28,-8.0,766.0,-8.0,766.0,0,0,0,1,0,0,0,1,1.0,0,0,1,0,0,0,0,0,1.0,0,0,1,0,0,0,0,0
2014-11-29,-5.0,765.0,-5.0,764.0,0,0,1,0,0,0,1,0,1.0,0,1,0,0,0,0,0,0,1.0,0,1,0,0,0,0,0,0
2014-11-30,-7.0,759.0,-9.0,758.0,0,0,1,0,1,0,0,0,1.0,0,0,1,0,0,0,0,0,1.0,0,0,1,0,0,0,0,0
2014-12-1,-7.0,753.0,-7.0,752.0,0,0,1,0,0,0,1,0,2.0,0,0,0,0,0,0,1,0,2.0,0,0,0,0,0,0,1,0
2014-12-2,-13.0,754.0,-16.0,756.0,1,0,0,0,1,0,0,0,1.0,1,0,0,0,0,0,0,0,1.0,1,0,0,0,0,0,0,0
2014-12-3,-12.0,755.0,-9.0,750.0,1,0,0,0,0,0,0,1,4.0,0,0,0,0,0,0,1,0,4.0,0,0,0,0,0,0,1,0
2014-12-4,-4.0,746.0,-3.0,744.0,0,0,0,1,0,0,0,1,4.0,0,0,0,0,0,0,1,0,4.0,0,0,0,0,0,0,1,0
2014-12-5,-4.0,752.0,-12.0,756.0,0,0,1,0,0,1,0,0,2.0,0,0,0,0,0,0,0,1,2.0,0,0,0,0,0,0,0,1
2014-12-6,-11.0,765.0,-11.0,764.0,1,0,0,0,1,0,0,0,1.0,0,0,0,0,0,0,1,0,1.0,0,0,0,0,0,0,1,0
2014-12-7,-4.0,762.0,-8.0,764.0,1,0,0,0,1,0,0,0,5.0,0,0,0,0,0,0,1,0,5.0,0,0,0,0,0,0,1,0
2014-12-8,-11.0,764.0,-11.0,763.0,1,0,0,0,0,0,0,1,3.0,0,0,1,0,0,0,0,0,3.0,0,0,1,0,0,0,0,0
2014-12-9,-9.0,763.0,-8.0,763.0,0,0,0,1,0,0,0,1,2.0,0,0,0,1,0,0,0,0,2.0,0,0,0,1,0,0,0,0
2014-12-10,-3.0,762.0,-5.0,761.0,1,0,0,0,0,1,0,0,1.0,0,0,0,0,0,1,0,0,1.0,0,0,0,0,0,1,0,0
2014-12-11,-7.0,758.0,-6.0,758.0,1,0,0,0,0,0,1,0,2.0,0,0,1,0,0,0,0,0,2.0,0,0,1,0,0,0,0,0
2014-12-12,-5.0,755.0,-1.0,754.0,0,0,0,1,0,0,0,1,2.0,0,0,0,1,0,0,0,0,2.0,0,0,0,1,0,0,0,0
2014-12-13,-5.0,752.0,-3.0,752.0,0,0,0,1,0,0,0,1,2.0,0,0,1,0,0,0,0,0,2.0,0,0,1,0,0,0,0,0
2014-12-14,-2.0,754.0,-3.0,755.0,1,0,0,0,0,0,1,0,1.0,0,0,0,0,0,1,0,0,1.0,0,0,0,0,0,1,0,0
2014-12-15,-3.0,757.0,-2.0,759.0,0,0,0,1,0,0,0,1,0.0,0,0,0,0,0,0,0,0,0.0,0,0,0,0,0,0,0,0
2014-12-16,-3.0,759.0,-4.0,760.0,0,0,0,1,0,0,0,1,1.0,0,0,0,1,0,0,0,0,1.0,0,0,0,1,0,0,0,0
2014-12-17,-7.0,759.0,-6.0,758.0,0,0,0,1,0,0,0,1,1.0,0,0,0,1,0,0,0,0,1.0,0,0,0,1,0,0,0,0
2014-12-18,-5.0,752.0,-4.0,751.0,0,0,0,1,0,0,0,1,2.0,0,0,0,0,1,0,0,0,2.0,0,0,0,0,1,0,0,0
2014-12-19,-2.0,748.0,-4.0,748.0,0,0,0,1,1,0,0,0,1.0,0,0,0,0,0,0,1,0,1.0,0,0,0,0,0,0,1,0
2014-12-20,-2.0,746.0,-1.0,743.0,0,0,1,0,0,0,0,1,3.0,0,0,0,0,1,0,0,0,3.0,0,0,0,0,1,0,0,0
2014-12-21,1.0,744.0,-1.0,745.0,0,1,0,0,0,1,0,0,3.0,0,0,0,0,0,0,1,0,3.0,0,0,0,0,0,0,1,0
2014-12-22,0.0,739.0,-1.0,740.0,0,0,0,1,0,0,1,0,1.0,0,0,0,0,0,0,1,0,1.0,0,0,0,0,0,0,1,0
2014-12-23,-4.0,740.0,-2.0,737.0,0,1,0,0,0,0,0,1,1.0,0,0,0,1,0,0,0,0,1.0,0,0,0,1,0,0,0,0
2014-12-24,0.0,727.0,-3.0,729.0,0,0,0,1,0,0,0,1,2.0,0,0,0,0,0,1,0,0,2.0,0,0,0,0,0,1,0,0
2014-12-25,-6.0,737.0,-7.0,732.0,0,0,0,1,0,0,0,1,2.0,0,0,0,0,0,1,0,0,2.0,0,0,0,0,0,1,0,0
2014-12-26,-11.0,744.0,-13.0,749.0,0,0,1,0,1,0,0,0,3.0,0,0,0,0,0,0,1,0,3.0,0,0,0,0,0,0,1,0
2014-12-27,-13.0,756.0,-17.0,758.0,1,0,0,0,1,0,0,0,2.0,0,0,0,0,0,0,1,0,2.0,0,0,0,0,0,0,1,0
2014-12-28,-9.0,750.0,-7.0,745.0,0,0,1,0,0,0,0,1,5.0,0,0,1,0,0,0,0,0,5.0,0,0,1,0,0,0,0,0
2014-12-29,-9.0,742.0,-13.0,747.0,1,0,0,0,1,0,0,0,4.0,0,0,0,0,0,0,1,0,4.0,0,0,0,0,0,0,1,0
2014-12-30,-12.0,746.0,-10.0,740.0,0,0,0,1,0,0,0,1,3.0,0,0,1,0,0,0,0,0,3.0,0,0,1,0,0,0,0,0
2014-12-31,-15.0,751.0,-19.0,750.0,0,1,0,0,1,0,0,0,2.0,0,0,0,0,0,0,0,1,2.0,0,0,0,0,0,0,0,1
2015-01-1,-14.0,743.0,-12.0,744.0,0,0,0,1,0,0,0,1,2.0,0,0,0,0,0,0,1,0,2.0,0,0,0,0,0,0,1,0
2015-01-2,-7.0,743.0,-7.0,740.0,0,0,1,0,0,0,0,1,2.0,0,0,0,0,1,0,0,0,2.0,0,0,0,0,1,0,0,0
2015-01-3,-1.0,733.0,0.0,733.0,0,0,0,1,0,0,0,1,2.0,0,0,0,0,0,1,0,0,2.0,0,0,0,0,0,1,0,0
2015-01-4,0.0,735.0,0.0,735.0,0,0,1,0,0,0,1,0,2.0,0,0,0,0,0,1,0,0,2.0,0,0,0,0,0,1,0,0
2015-01-5,-3.0,738.0,-2.0,737.0,0,0,0,1,0,0,0,1,3.0,0,0,0,0,0,1,0,0,3.0,0,0,0,0,0,1,0,0
2015-01-6,-6.0,741.0,-12.0,745.0,0,0,0,1,0,0,0,1,2.0,0,0,0,0,0,0,0,1,2.0,0,0,0,0,0,0,0,1
2015-01-7,-22.0,750.0,-27.0,752.0,0,1,0,0,1,0,0,0,1.0,1,0,0,0,0,0,0,0,1.0,1,0,0,0,0,0,0,0
2015-01-8,-22.0,752.0,-21.0,750.0,1,0,0,0,1,0,0,0,1.0,0,0,0,0,0,0,1,0,1.0,0,0,0,0,0,0,1,0
2015-01-9,-13.0,746.0,-12.0,745.0,0,0,0,1,0,0,1,0,3.0,0,0,0,0,0,0,1,0,3.0,0,0,0,0,0,0,1,0
2015-01-10,-9.0,744.0,-5.0,745.0,0,0,0,1,0,0,0,1,3.0,0,0,0,0,1,0,0,0,3.0,0,0,0,0,1,0,0,0
2015-01-11,-10.0,741.0,-8.0,737.0,0,1,0,0,0,1,0,0,4.0,0,0,0,1,0,0,0,0,4.0,0,0,0,1,0,0,0,0
2015-01-12,-1.0,738.0,-1.0,739.0,0,1,0,0,0,0,1,0,2.0,0,0,0,0,0,1,0,0,2.0,0,0,0,0,0,1,0,0
2015-01-13,-1.0,742.0,-3.0,740.0,0,0,1,0,0,0,0,1,3.0,0,0,0,0,0,0,1,0,3.0,0,0,0,0,0,0,1,0
2015-01-14,1.0,746.0,2.0,746.0,0,0,1,0,0,0,1,0,3.0,0,0,0,0,0,0,1,0,3.0,0,0,0,0,0,0,1,0
2015-01-15,2.0,751.0,-2.0,751.0,0,0,1,0,0,0,1,0,1.0,0,0,0,0,0,1,0,0,1.0,0,0,0,0,0,1,0,0
2015-01-16,-3.0,749.0,-1.0,752.0,0,0,1,0,0,0,0,1,1.0,0,0,0,0,0,0,0,1,1.0,0,0,0,0,0,0,0,1
2015-01-17,-3.0,756.0,-8.0,756.0,1,0,0,0,1,0,0,0,1.0,0,0,0,0,0,0,1,0,1.0,0,0,0,0,0,0,1,0
2015-01-18,-8.0,752.0,-5.0,752.0,0,0,0,1,0,0,0,1,2.0,0,0,0,0,0,0,1,0,2.0,0,0,0,0,0,0,1,0
2015-01-19,-1.0,749.0,-1.0,749.0,0,1,0,0,0,1,0,0,1.0,0,0,0,0,0,0,1,0,1.0,0,0,0,0,0,0,1,0
2015-01-20,-3.0,754.0,-11.0,758.0,0,0,1,0,1,0,0,0,3.0,0,0,0,0,0,0,0,1,3.0,0,0,0,0,0,0,0,1
2015-01-21,-13.0,760.0,-16.0,759.0,1,0,0,0,1,0,0,0,1.0,0,0,0,0,0,0,0,1,1.0,0,0,0,0,0,0,0,1
2015-01-22,-12.0,759.0,-17.0,762.0,1,0,0,0,1,0,0,0,2.0,1,0,0,0,0,0,0,0,2.0,1,0,0,0,0,0,0,0
2015-01-23,-15.0,770.0,-20.0,771.0,1,0,0,0,1,0,0,0,1.0,0,0,0,0,0,0,1,0,1.0,0,0,0,0,0,0,1,0
2015-01-24,-17.0,771.0,-20.0,771.0,1,0,0,0,1,0,0,0,1.0,0,0,0,1,0,0,0,0,1.0,0,0,0,1,0,0,0,0
2015-01-25,-15.0,772.0,-17.0,771.0,1,0,0,0,1,0,0,0,2.0,0,0,0,0,1,0,0,0,2.0,0,0,0,0,1,0,0,0
2015-01-26,-18.0,767.0,-21.0,766.0,1,0,0,0,1,0,0,0,2.0,0,0,1,0,0,0,0,0,2.0,0,0,1,0,0,0,0,0
2015-01-27,-17.0,763.0,-19.0,762.0,1,0,0,0,1,0,0,0,3.0,0,0,1,0,0,0,0,0,3.0,0,0,1,0,0,0,0,0
2015-01-28,-17.0,757.0,-17.0,757.0,0,0,1,0,1,0,0,0,2.0,0,0,1,0,0,0,0,0,2.0,0,0,1,0,0,0,0,0
2015-01-29,-17.0,754.0,-18.0,754.0,0,0,1,0,1,0,0,0,2.0,0,0,0,1,0,0,0,0,2.0,0,0,0,1,0,0,0,0
2015-01-30,-16.0,754.0,-16.0,754.0,0,0,1,0,0,0,0,1,2.0,0,0,0,1,0,0,0,0,2.0,0,0,0,1,0,0,0,0
2015-01-31,-9.0,756.0,-10.0,756.0,0,0,1,0,0,0,0,1,2.0,0,0,0,1,0,0,0,0,2.0,0,0,0,1,0,0,0,0
2015-02-1,-9.0,755.0,-12.0,754.0,0,1,0,0,1,0,0,0,3.0,0,0,1,0,0,0,0,0,3.0,0,0,1,0,0,0,0,0
2015-02-2,-5.0,747.0,-4.0,747.0,0,0,0,1,0,0,0,1,3.0,0,0,0,1,0,0,0,0,3.0,0,0,0,1,0,0,0,0
2015-02-3,-5.0,748.0,-6.0,748.0,0,0,0,1,0,0,0,1,3.0,0,0,0,1,0,0,0,0,3.0,0,0,0,1,0,0,0,0
2015-02-4,-6.0,748.0,-6.0,748.0,0,0,0,1,0,0,0,1,3.0,0,0,0,1,0,0,0,0,3.0,0,0,0,1,0,0,0,0
2015-02-5,-2.0,748.0,-3.0,750.0,0,0,1,0,0,0,1,0,3.0,0,0,0,0,0,0,1,0,3.0,0,0,0,0,0,0,1,0
2015-02-6,-5.0,751.0,-6.0,748.0,0,0,0,1,0,0,0,1,2.0,0,0,0,0,1,0,0,0,2.0,0,0,0,0,1,0,0,0
2015-02-7,-7.0,740.0,-11.0,739.0,1,0,0,0,1,0,0,0,2.0,1,0,0,0,0,0,0,0,2.0,1,0,0,0,0,0,0,0
2015-02-8,-10.0,738.0,-13.0,740.0,1,0,0,0,0,0,1,0,1.0,0,0,0,0,0,0,1,0,1.0,0,0,0,0,0,0,1,0
2015-02-9,-5.0,740.0,-4.0,742.0,0,0,0,1,0,0,0,1,3.0,0,0,0,0,1,0,0,0,3.0,0,0,0,0,1,0,0,0
2015-02-10,-2.0,750.0,-4.0,751.0,0,0,0,1,0,0,1,0,2.0,0,0,0,0,1,0,0,0,2.0,0,0,0,0,1,0,0,0
2015-02-11,-7.0,752.0,-10.0,751.0,1,0,0,0,0,0,1,0,2.0,0,0,0,0,0,0,1,0,2.0,0,0,0,0,0,0,1,0
2015-02-12,-4.0,754.0,-7.0,754.0,0,0,1,0,0,0,0,1,3.0,0,0,0,0,0,1,0,0,3.0,0,0,0,0,0,1,0,0
2015-02-13,-5.0,753.0,-4.0,754.0,0,0,1,0,0,0,1,0,2.0,0,0,0,0,0,0,1,0,2.0,0,0,0,0,0,0,1,0
2015-02-14,3.0,757.0,-6.0,756.0,0,1,0,0,1,0,0,0,1.0,0,0,0,0,0,0,0,1,1.0,0,0,0,0,0,0,0,1
2015-02-15,-5.0,748.0,-6.0,746.0,0,0,0,1,0,0,1,0,2.0,0,0,0,0,0,1,0,0,2.0,0,0,0,0,0,1,0,0
2015-02-16,-10.0,752.0,-12.0,755.0,0,0,1,0,1,0,0,0,3.0,1,0,0,0,0,0,0,0,3.0,1,0,0,0,0,0,0,0
2015-02-17,-11.0,761.0,-15.0,763.0,1,0,0,0,1,0,0,0,1.0,1,0,0,0,0,0,0,0,1.0,1,0,0,0,0,0,0,0
2015-02-18,-9.0,759.0,-17.0,756.0,1,0,0,0,1,0,0,0,1.0,0,0,0,0,0,1,0,0,1.0,0,0,0,0,0,1,0,0
2015-02-19,-10.0,749.0,-12.0,750.0,1,0,0,0,1,0,0,0,1.0,0,0,0,0,0,0,1,0,1.0,0,0,0,0,0,0,1,0
2015-02-20,-9.0,751.0,-11.0,750.0,1,0,0,0,1,0,0,0,3.0,0,0,0,0,0,0,1,0,3.0,0,0,0,0,0,0,1,0
2015-02-21,-4.0,750.0,-4.0,751.0,0,0,0,1,0,1,0,0,3.0,0,0,0,0,0,0,1,0,3.0,0,0,0,0,0,0,1,0
2015-02-22,0.0,756.0,0.0,756.0,0,1,0,0,0,0,0,1,2.0,0,0,0,0,1,0,0,0,2.0,0,0,0,0,1,0,0,0
2015-02-23,2.0,758.0,-3.0,759.0,1,0,0,0,1,0,0,0,3.0,0,0,0,0,0,0,1,0,3.0,0,0,0,0,0,0,1,0
2015-02-24,4.0,762.0,-6.0,763.0,1,0,0,0,1,0,0,0,1.0,0,0,0,0,0,0,1,0,1.0,0,0,0,0,0,0,1,0
2015-02-25,2.0,765.0,-6.0,766.0,1,0,0,0,1,0,0,0,1.0,0,0,0,1,0,0,0,0,1.0,0,0,0,1,0,0,0,0
2015-02-26,-2.0,767.0,-6.0,767.0,1,0,0,0,1,0,0,0,2.0,0,0,0,1,0,0,0,0,2.0,0,0,0,1,0,0,0,0
2015-02-27,-6.0,764.0,-7.0,764.0,0,0,0,1,0,0,0,1,1.0,0,0,0,0,1,0,0,0,1.0,0,0,0,0,1,0,0,0
2015-02-28,-4.0,761.0,-6.0,761.0,1,0,0,0,1,0,0,0,1.0,0,0,0,1,0,0,0,0,1.0,0,0,0,1,0,0,0,0
2015-03-1,-2.0,758.0,-5.0,758.0,1,0,0,0,1,0,0,0,3.0,0,0,1,0,0,0,0,0,3.0,0,0,1,0,0,0,0,0
2015-03-2,-2.0,756.0,-6.0,756.0,1,0,0,0,1,0,0,0,2.0,0,0,0,1,0,0,0,0,2.0,0,0,0,1,0,0,0,0
2015-03-3,-3.0,755.0,-6.0,755.0,1,0,0,0,1,0,0,0,2.0,0,0,1,0,0,0,0,0,2.0,0,0,1,0,0,0,0,0
2015-03-4,-2.0,752.0,-8.0,752.0,1,0,0,0,1,0,0,0,1.0,0,0,1,0,0,0,0,0,1.0,0,0,1,0,0,0,0,0
2015-03-5,-8.0,755.0,-11.0,756.0,1,0,0,0,1,0,0,0,2.0,0,0,0,1,0,0,0,0,2.0,0,0,0,1,0,0,0,0
2015-03-6,-6.0,758.0,-11.0,759.0,1,0,0,0,1,0,0,0,1.0,0,0,0,1,0,0,0,0,1.0,0,0,0,1,0,0,0,0
2015-03-7,-7.0,758.0,-10.0,758.0,1,0,0,0,1,0,0,0,1.0,0,0,1,0,0,0,0,0,1.0,0,0,1,0,0,0,0,0
2015-03-8,-3.0,758.0,-10.0,758.0,1,0,0,0,1,0,0,0,1.0,0,0,0,0,0,0,1,0,1.0,0,0,0,0,0,0,1,0
2015-03-9,-2.0,754.0,-1.0,752.0,0,0,0,1,0,0,1,0,2.0,0,0,0,0,0,1,0,0,2.0,0,0,0,0,0,1,0,0
2015-03-10,4.0,752.0,2.0,756.0,0,0,0,1,1,0,0,0,2.0,1,0,0,0,0,0,0,0,2.0,1,0,0,0,0,0,0,0
2015-03-11,4.0,759.0,2.0,758.0,0,0,1,0,0,0,1,0,2.0,0,0,0,0,0,1,0,0,2.0,0,0,0,0,0,1,0,0
2015-03-12,3.0,759.0,1.0,760.0,1,0,0,0,0,0,1,0,2.0,0,0,0,0,0,1,0,0,2.0,0,0,0,0,0,1,0,0
2015-03-13,4.0,765.0,0.0,767.0,1,0,0,0,1,0,0,0,3.0,0,1,0,0,0,0,0,0,3.0,0,1,0,0,0,0,0,0
2015-03-14,7.0,768.0,3.0,768.0,1,0,0,0,1,0,0,0,2.0,0,0,0,0,0,0,0,1,2.0,0,0,0,0,0,0,0,1
2015-03-15,6.0,764.0,1.0,764.0,1,0,0,0,1,0,0,0,2.0,0,0,0,0,0,0,0,1,2.0,0,0,0,0,0,0,0,1
2015-03-16,1.0,768.0,-2.0,770.0,1,0,0,0,1,0,0,0,3.0,0,1,0,0,0,0,0,0,3.0,0,1,0,0,0,0,0,0
2015-03-17,5.0,770.0,-1.0,769.0,1,0,0,0,1,0,0,0,1.0,0,0,0,0,0,0,0,1,1.0,0,0,0,0,0,0,0,1
2015-03-18,6.0,765.0,-2.0,764.0,1,0,0,0,1,0,0,0,2.0,0,0,0,0,0,0,1,0,2.0,0,0,0,0,0,0,1,0
2015-03-19,9.0,760.0,-1.0,759.0,1,0,0,0,1,0,0,0,1.0,0,0,0,0,0,0,0,1,1.0,0,0,0,0,0,0,0,1
2015-03-20,5.0,754.0,0.0,752.0,1,0,0,0,1,0,0,0,2.0,0,0,0,0,1,0,0,0,2.0,0,0,0,0,1,0,0,0
2015-03-21,2.0,746.0,-2.0,743.0,0,1,0,0,0,0,0,1,2.0,0,0,0,0,1,0,0,0,2.0,0,0,0,0,1,0,0,0
2015-03-22,2.0,741.0,2.0,740.0,0,0,1,0,0,0,0,1,2.0,0,0,0,0,0,1,0,0,2.0,0,0,0,0,0,1,0,0
2015-03-23,-2.0,747.0,-5.0,750.0,0,0,0,1,1,0,0,0,2.0,1,0,0,0,0,0,0,0,2.0,1,0,0,0,0,0,0,0
2015-03-24,-2.0,749.0,-2.0,748.0,0,0,1,0,0,0,0,1,4.0,0,0,0,0,0,1,0,0,4.0,0,0,0,0,0,1,0,0
2015-03-25,5.0,749.0,3.0,752.0,1,0,0,0,0,0,0,1,4.0,0,0,0,0,0,0,1,0,4.0,0,0,0,0,0,0,1,0
2015-03-26,1.0,758.0,-2.0,759.0,0,0,0,1,0,0,1,0,3.0,0,0,1,0,0,0,0,0,3.0,0,0,1,0,0,0,0,0
2015-03-27,-1.0,765.0,-3.0,767.0,1,0,0,0,1,0,0,0,4.0,0,1,0,0,0,0,0,0,4.0,0,1,0,0,0,0,0,0
2015-03-28,1.0,770.0,-3.0,771.0,0,1,0,0,1,0,0,0,2.0,0,0,1,0,0,0,0,0,2.0,0,0,1,0,0,0,0,0
2015-03-29,-1.0,772.0,-4.0,770.0,0,1,0,0,1,0,0,0,2.0,0,0,0,1,0,0,0,0,2.0,0,0,0,1,0,0,0,0
2015-03-30,-1.0,765.0,-4.0,764.0,1,0,0,0,1,0,0,0,3.0,0,0,0,1,0,0,0,0,3.0,0,0,0,1,0,0,0,0
2015-03-31,3.0,761.0,0.0,759.0,1,0,0,0,1,0,0,0,2.0,0,0,0,1,0,0,0,0,2.0,0,0,0,1,0,0,0,0
2015-04-1,6.0,755.0,0.0,755.0,1,0,0,0,1,0,0,0,2.0,0,0,1,0,0,0,0,0,2.0,0,0,1,0,0,0,0,0
2015-04-2,4.0,753.0,0.0,753.0,1,0,0,0,1,0,0,0,3.0,0,0,0,1,0,0,0,0,3.0,0,0,0,1,0,0,0,0
2015-04-3,5.0,750.0,1.0,750.0,1,0,0,0,1,0,0,0,4.0,0,0,1,0,0,0,0,0,4.0,0,0,1,0,0,0,0,0
2015-04-4,0.0,752.0,1.0,752.0,0,0,0,1,0,0,1,0,2.0,0,0,1,0,0,0,0,0,2.0,0,0,1,0,0,0,0,0
2015-04-5,1.0,751.0,0.0,749.0,0,0,0,1,0,0,0,1,2.0,0,0,1,0,0,0,0,0,2.0,0,0,1,0,0,0,0,0
2015-04-6,6.0,752.0,4.0,753.0,0,0,1,0,1,0,0,0,3.0,0,0,0,0,0,1,0,0,3.0,0,0,0,0,0,1,0,0
2015-04-7,9.0,753.0,6.0,753.0,0,1,0,0,0,0,0,1,3.0,0,0,0,0,0,1,0,0,3.0,0,0,0,0,0,1,0,0
2015-04-8,9.0,749.0,5.0,745.0,0,0,1,0,0,0,1,0,3.0,0,0,1,0,0,0,0,0,3.0,0,0,1,0,0,0,0,0
2015-04-9,8.0,737.0,6.0,738.0,0,0,0,1,0,0,0,1,3.0,0,0,0,0,0,1,0,0,3.0,0,0,0,0,0,1,0,0
2015-04-10,8.0,746.0,6.0,746.0,0,0,0,1,0,1,0,0,2.0,0,0,0,0,0,0,1,0,2.0,0,0,0,0,0,0,1,0
2015-04-11,10.0,745.0,7.0,746.0,0,0,1,0,0,1,0,0,4.0,0,0,0,0,0,0,1,0,4.0,0,0,0,0,0,0,1,0
2015-04-12,10.0,754.0,2.0,755.0,1,0,0,0,1,0,0,0,3.0,0,0,0,0,0,0,0,1,3.0,0,0,0,0,0,0,0,1
2015-04-13,14.0,753.0,10.0,752.0,1,0,0,0,1,0,0,0,3.0,0,0,0,0,1,0,0,0,3.0,0,0,0,0,1,0,0,0
2015-04-14,15.0,747.0,11.0,746.0,1,0,0,0,1,0,0,0,2.0,0,0,0,0,1,0,0,0,2.0,0,0,0,0,1,0,0,0
2015-04-15,17.0,743.0,5.0,745.0,1,0,0,0,0,0,0,1,3.0,0,0,0,0,1,0,0,0,3.0,0,0,0,0,1,0,0,0
2015-04-16,13.0,743.0,8.0,743.0,0,0,0,1,1,0,0,0,3.0,0,0,0,0,0,1,0,0,3.0,0,0,0,0,0,1,0,0
2015-04-17,14.0,738.0,10.0,740.0,0,1,0,0,0,0,1,0,5.0,0,0,0,0,0,0,1,0,5.0,0,0,0,0,0,0,1,0
2015-04-18,11.0,740.0,7.0,740.0,0,1,0,0,1,0,0,0,2.0,0,0,0,0,0,0,1,0,2.0,0,0,0,0,0,0,1,0
2015-04-19,10.0,737.0,7.0,737.0,0,0,1,0,0,1,0,0,2.0,0,0,1,0,0,0,0,0,2.0,0,0,1,0,0,0,0,0
2015-04-20,3.0,733.0,4.0,737.0,0,0,0,1,1,0,0,0,5.0,0,0,0,0,0,0,1,0,5.0,0,0,0,0,0,0,1,0
2015-04-21,6.0,740.0,4.0,742.0,0,0,0,1,1,0,0,0,2.0,0,0,0,0,0,0,1,0,2.0,0,0,0,0,0,0,1,0
2015-04-22,7.0,740.0,1.0,739.0,0,0,0,1,1,0,0,0,0.0,0,0,0,0,0,0,0,0,0.0,0,0,0,0,0,0,0,0
2015-04-23,7.0,740.0,6.0,740.0,0,0,0,1,0,0,0,1,5.0,0,0,0,0,0,1,0,0,5.0,0,0,0,0,0,1,0,0
2015-04-24,11.0,736.0,8.0,740.0,0,1,0,0,1,0,0,0,4.0,0,0,0,0,0,0,1,0,4.0,0,0,0,0,0,0,1,0
2015-04-25,10.0,740.0,6.0,740.0,0,0,0,1,0,0,0,1,2.0,0,0,0,0,1,0,0,0,2.0,0,0,0,0,1,0,0,0
2015-04-26,10.0,746.0,5.0,748.0,0,0,0,1,0,1,0,0,4.0,0,0,0,0,0,0,0,1,4.0,0,0,0,0,0,0,0,1
2015-04-27,9.0,747.0,9.0,749.0,0,0,0,1,0,0,0,1,1.0,0,0,0,0,0,0,1,0,1.0,0,0,0,0,0,0,1,0
2015-04-28,13.0,753.0,13.0,752.0,0,1,0,0,0,1,0,0,3.0,0,0,1,0,0,0,0,0,3.0,0,0,1,0,0,0,0,0
2015-04-29,25.0,752.0,18.0,754.0,0,1,0,0,0,1,0,0,2.0,0,0,0,0,0,0,1,0,2.0,0,0,0,0,0,0,1,0
2015-04-30,25.0,752.0,20.0,752.0,0,0,0,1,1,0,0,0,2.0,0,0,0,0,1,0,0,0,2.0,0,0,0,0,1,0,0,0
2015-05-1,23.0,752.0,18.0,752.0,0,0,1,0,0,0,0,1,1.0,0,0,0,1,0,0,0,0,1.0,0,0,0,1,0,0,0,0
2015-05-2,23.0,750.0,18.0,750.0,0,1,0,0,0,0,0,1,2.0,0,0,1,0,0,0,0,0,2.0,0,0,1,0,0,0,0,0
2015-05-3,23.0,746.0,18.0,745.0,0,1,0,0,0,0,1,0,2.0,0,0,1,0,0,0,0,0,2.0,0,0,1,0,0,0,0,0
2015-05-4,24.0,741.0,17.0,742.0,0,1,0,0,1,0,0,0,2.0,0,0,0,0,0,0,0,1,2.0,0,0,0,0,0,0,0,1
2015-05-5,21.0,745.0,14.0,747.0,1,0,0,0,0,1,0,0,2.0,0,0,0,0,0,0,0,1,2.0,0,0,0,0,0,0,0,1
2015-05-6,18.0,746.0,16.0,746.0,1,0,0,0,0,0,0,1,3.0,0,1,0,0,0,0,0,0,3.0,0,1,0,0,0,0,0,0
2015-05-7,12.0,746.0,11.0,746.0,0,0,0,1,0,1,0,0,2.0,0,1,0,0,0,0,0,0,2.0,0,1,0,0,0,0,0,0
2015-05-8,18.0,743.0,13.0,743.0,0,1,0,0,1,0,0,0,2.0,0,1,0,0,0,0,0,0,2.0,0,1,0,0,0,0,0,0
2015-05-9,8.0,743.0,5.0,744.0,0,0,0,1,0,0,0,1,2.0,1,0,0,0,0,0,0,0,2.0,1,0,0,0,0,0,0,0
2015-05-10,15.0,748.0,12.0,750.0,0,1,0,0,0,0,1,0,2.0,1,0,0,0,0,0,0,0,2.0,1,0,0,0,0,0,0,0
2015-05-11,18.0,755.0,14.0,755.0,0,1,0,0,1,0,0,0,2.0,0,0,0,0,0,0,1,0,2.0,0,0,0,0,0,0,1,0
2015-05-12,19.0,754.0,13.0,753.0,0,1,0,0,0,1,0,0,1.0,0,0,0,0,1,0,0,0,1.0,0,0,0,0,1,0,0,0
2015-05-13,19.0,750.0,16.0,749.0,0,1,0,0,0,1,0,0,1.0,0,0,0,0,0,0,0,1,1.0,0,0,0,0,0,0,0,1
2015-05-14,15.0,746.0,12.0,746.0,0,1,0,0,0,0,0,1,2.0,0,0,1,0,0,0,0,0,2.0,0,0,1,0,0,0,0,0
2015-05-15,20.0,745.0,17.0,744.0,0,1,0,0,1,0,0,0,2.0,0,0,0,0,0,0,1,0,2.0,0,0,0,0,0,0,1,0
2015-05-16,15.0,739.0,12.0,738.0,0,1,0,0,0,0,1,0,2.0,0,0,0,0,0,1,0,0,2.0,0,0,0,0,0,1,0,0
2015-05-17,15.0,736.0,11.0,736.0,0,0,0,1,0,0,0,1,3.0,0,0,0,0,0,0,1,0,3.0,0,0,0,0,0,0,1,0
2015-05-18,10.0,737.0,9.0,738.0,0,0,0,1,0,0,0,1,3.0,0,0,0,0,0,0,1,0,3.0,0,0,0,0,0,0,1,0
2015-05-19,12.0,740.0,8.0,742.0,0,0,1,0,1,0,0,0,2.0,0,0,0,0,0,0,1,0,2.0,0,0,0,0,0,0,1,0
2015-05-20,16.0,746.0,13.0,746.0,0,0,1,0,0,0,0,1,2.0,0,0,0,0,0,0,1,0,2.0,0,0,0,0,0,0,1,0
2015-05-21,19.0,750.0,16.0,752.0,0,0,1,0,1,0,0,0,2.0,1,0,0,0,0,0,0,0,2.0,1,0,0,0,0,0,0,0
2015-05-22,26.0,752.0,15.0,752.0,0,1,0,0,1,0,0,0,3.0,0,0,0,0,0,0,0,1,3.0,0,0,0,0,0,0,0,1
2015-05-23,28.0,750.0,21.0,749.0,0,1,0,0,1,0,0,0,2.0,0,0,0,0,0,0,1,0,2.0,0,0,0,0,0,0,1,0
2015-05-24,29.0,749.0,20.0,749.0,0,1,0,0,1,0,0,0,3.0,0,0,0,0,0,1,0,0,3.0,0,0,0,0,0,1,0,0
2015-05-25,29.0,750.0,23.0,751.0,0,1,0,0,1,0,0,0,3.0,0,0,0,0,0,0,1,0,3.0,0,0,0,0,0,0,1,0
2015-05-26,28.0,751.0,18.0,751.0,0,1,0,0,0,1,0,0,2.0,0,0,0,0,1,0,0,0,2.0,0,0,0,0,1,0,0,0
2015-05-27,29.0,751.0,24.0,750.0,0,1,0,0,0,1,0,0,3.0,0,0,0,0,0,0,1,0,3.0,0,0,0,0,0,0,1,0
2015-05-28,30.0,747.0,24.0,748.0,0,0,1,0,0,0,0,1,2.0,0,0,0,0,1,0,0,0,2.0,0,0,0,0,1,0,0,0
2015-05-29,25.0,749.0,24.0,749.0,0,0,0,1,1,0,0,0,0.0,0,0,0,0,0,0,0,0,0.0,0,0,0,0,0,0,0,0
2015-05-30,28.0,750.0,24.0,750.0,0,0,1,0,1,0,0,0,1.0,0,0,0,1,0,0,0,0,1.0,0,0,0,1,0,0,0,0
2015-05-31,31.0,750.0,26.0,749.0,0,0,1,0,1,0,0,0,2.0,0,0,0,1,0,0,0,0,2.0,0,0,0,1,0,0,0,0
2015-06-1,33.0,746.0,24.0,747.0,1,0,0,0,1,0,0,0,2.0,0,0,1,0,0,0,0,0,2.0,0,0,1,0,0,0,0,0
2015-06-2,28.0,749.0,20.0,749.0,0,0,1,0,0,1,0,0,2.0,0,0,0,0,1,0,0,0,2.0,0,0,0,0,1,0,0,0
2015-06-3,19.0,748.0,18.0,747.0,0,0,0,1,0,1,0,0,2.0,0,0,0,0,0,0,1,0,2.0,0,0,0,0,0,0,1,0
2015-06-4,28.0,746.0,18.0,746.0,0,1,0,0,1,0,0,0,3.0,0,0,0,0,0,0,1,0,3.0,0,0,0,0,0,0,1,0
2015-06-5,23.0,747.0,19.0,747.0,0,1,0,0,0,1,0,0,3.0,0,0,0,0,0,0,0,1,3.0,0,0,0,0,0,0,0,1
2015-06-6,19.0,749.0,13.0,750.0,0,0,0,1,0,1,0,0,3.0,0,0,0,0,0,0,0,1,3.0,0,0,0,0,0,0,0,1
2015-06-7,20.0,752.0,13.0,752.0,0,1,0,0,1,0,0,0,3.0,0,0,0,0,0,0,0,1,3.0,0,0,0,0,0,0,0,1
2015-06-8,26.0,747.0,18.0,747.0,0,1,0,0,1,0,0,0,3.0,0,0,0,0,0,0,1,0,3.0,0,0,0,0,0,0,1,0
2015-06-9,24.0,750.0,18.0,749.0,0,1,0,0,0,0,1,0,3.0,0,0,0,0,0,0,0,1,3.0,0,0,0,0,0,0,0,1
2015-06-10,21.0,750.0,15.0,750.0,0,1,0,0,0,1,0,0,2.0,1,0,0,0,0,0,0,0,2.0,1,0,0,0,0,0,0,0
2015-06-11,19.0,749.0,11.0,749.0,0,1,0,0,1,0,0,0,2.0,0,0,0,0,0,0,0,1,2.0,0,0,0,0,0,0,0,1
2015-06-12,23.0,746.0,13.0,746.0,0,1,0,0,1,0,0,0,2.0,0,0,0,0,0,0,1,0,2.0,0,0,0,0,0,0,1,0
2015-06-13,21.0,750.0,17.0,750.0,0,0,1,0,1,0,0,0,2.0,0,0,0,0,0,0,0,1,2.0,0,0,0,0,0,0,0,1
2015-06-14,28.0,749.0,19.0,749.0,1,0,0,0,1,0,0,0,2.0,0,0,0,0,0,1,0,0,2.0,0,0,0,0,0,1,0,0
2015-06-15,32.0,747.0,28.0,746.0,1,0,0,0,1,0,0,0,3.0,0,0,0,0,0,0,1,0,3.0,0,0,0,0,0,0,1,0
2015-06-16,32.0,746.0,28.0,746.0,0,0,1,0,1,0,0,0,2.0,0,0,0,0,0,1,0,0,2.0,0,0,0,0,0,1,0,0
2015-06-17,35.0,746.0,29.0,744.0,0,0,1,0,0,0,1,0,2.0,0,0,0,0,0,0,1,0,2.0,0,0,0,0,0,0,1,0
2015-06-18,32.0,744.0,24.0,745.0,0,0,1,0,0,1,0,0,1.0,1,0,0,0,0,0,0,0,1.0,1,0,0,0,0,0,0,0
2015-06-19,33.0,745.0,25.0,746.0,0,1,0,0,0,0,1,0,2.0,0,0,1,0,0,0,0,0,2.0,0,0,1,0,0,0,0,0
2015-06-20,32.0,746.0,28.0,748.0,0,1,0,0,0,1,0,0,3.0,0,0,1,0,0,0,0,0,3.0,0,0,1,0,0,0,0,0
2015-06-21,37.0,746.0,27.0,747.0,0,1,0,0,0,0,0,1,3.0,0,0,0,1,0,0,0,0,3.0,0,0,0,1,0,0,0,0
2015-06-22,35.0,747.0,30.0,746.0,0,1,0,0,0,1,0,0,2.0,0,0,1,0,0,0,0,0,2.0,0,0,1,0,0,0,0,0
2015-06-23,31.0,746.0,24.0,747.0,1,0,0,0,1,0,0,0,3.0,0,0,0,0,0,0,1,0,3.0,0,0,0,0,0,0,1,0
2015-06-24,32.0,748.0,26.0,748.0,1,0,0,0,1,0,0,0,2.0,0,0,0,0,0,0,0,1,2.0,0,0,0,0,0,0,0,1
2015-06-25,32.0,746.0,27.0,746.0,1,0,0,0,1,0,0,0,2.0,0,1,0,0,0,0,0,0,2.0,0,1,0,0,0,0,0,0
2015-06-26,31.0,744.0,26.0,744.0,0,1,0,0,1,0,0,0,2.0,1,0,0,0,0,0,0,0,2.0,1,0,0,0,0,0,0,0
2015-06-27,32.0,742.0,27.0,742.0,1,0,0,0,1,0,0,0,2.0,0,0,1,0,0,0,0,0,2.0,0,0,1,0,0,0,0,0
2015-06-28,35.0,741.0,29.0,741.0,1,0,0,0,0,0,0,1,2.0,0,0,0,0,0,0,1,0,2.0,0,0,0,0,0,0,1,0
2015-06-29,33.0,743.0,27.0,743.0,0,1,0,0,0,1,0,0,3.0,0,0,0,0,0,0,1,0,3.0,0,0,0,0,0,0,1,0
2015-06-30,26.0,744.0,21.0,746.0,0,0,1,0,1,0,0,0,3.0,0,0,0,0,0,0,1,0,3.0,0,0,0,0,0,0,1,0
2015-07-1,24.0,744.0,17.0,745.0,0,0,0,1,0,0,0,1,1.0,0,0,0,0,0,0,1,0,1.0,0,0,0,0,0,0,1,0
2015-07-2,26.0,747.0,20.0,748.0,0,1,0,0,0,0,1,0,3.0,0,0,0,0,0,0,0,1,3.0,0,0,0,0,0,0,0,1
2015-07-3,23.0,748.0,17.0,750.0,0,1,0,0,1,0,0,0,3.0,0,0,0,0,0,0,0,1,3.0,0,0,0,0,0,0,0,1
2015-07-4,26.0,746.0,18.0,747.0,0,1,0,0,0,1,0,0,2.0,0,0,0,0,0,0,1,0,2.0,0,0,0,0,0,0,1,0
2015-07-5,31.0,743.0,24.0,743.0,0,1,0,0,0,0,1,0,3.0,0,0,0,0,0,0,1,0,3.0,0,0,0,0,0,0,1,0
2015-07-6,24.0,742.0,16.0,745.0,0,1,0,0,0,1,0,0,4.0,0,0,0,0,0,0,0,1,4.0,0,0,0,0,0,0,0,1
2015-07-7,19.0,748.0,14.0,747.0,0,1,0,0,1,0,0,0,2.0,0,0,0,0,0,0,0,1,2.0,0,0,0,0,0,0,0,1
2015-07-8,25.0,741.0,20.0,743.0,0,0,0,1,0,1,0,0,3.0,0,0,0,0,0,0,1,0,3.0,0,0,0,0,0,0,1,0
2015-07-9,26.0,746.0,21.0,746.0,0,1,0,0,1,0,0,0,2.0,1,0,0,0,0,0,0,0,2.0,1,0,0,0,0,0,0,0
2015-07-10,35.0,741.0,31.0,740.0,1,0,0,0,0,0,1,0,3.0,0,0,0,0,0,0,1,0,3.0,0,0,0,0,0,0,1,0
2015-07-11,24.0,737.0,22.0,734.0,0,0,0,1,0,0,1,0,1.0,0,0,0,1,0,0,0,0,1.0,0,0,0,1,0,0,0,0
2015-07-12,17.0,734.0,17.0,734.0,0,0,0,1,0,1,0,0,3.0,0,0,0,0,0,1,0,0,3.0,0,0,0,0,0,1,0,0
2015-07-13,23.0,740.0,18.0,743.0,0,1,0,0,1,0,0,0,4.0,0,0,0,0,0,0,1,0,4.0,0,0,0,0,0,0,1,0
2015-07-14,25.0,746.0,19.0,746.0,0,1,0,0,0,0,0,1,3.0,0,0,0,0,0,1,0,0,3.0,0,0,0,0,0,1,0,0
2015-07-15,23.0,746.0,20.0,745.0,0,1,0,0,0,0,1,0,2.0,0,0,0,0,0,0,1,0,2.0,0,0,0,0,0,0,1,0
2015-07-16,24.0,742.0,17.0,743.0,0,0,0,1,0,0,0,1,2.0,0,0,0,0,0,0,0,1,2.0,0,0,0,0,0,0,0,1
2015-07-17,19.0,743.0,17.0,744.0,0,0,0,1,0,1,0,0,3.0,0,0,0,0,0,0,0,1,3.0,0,0,0,0,0,0,0,1
2015-07-18,22.0,744.0,18.0,745.0,0,0,1,0,0,0,0,1,1.0,1,0,0,0,0,0,0,0,1.0,1,0,0,0,0,0,0,0
2015-07-19,22.0,746.0,17.0,747.0,0,0,1,0,1,0,0,0,2.0,0,1,0,0,0,0,0,0,2.0,0,1,0,0,0,0,0,0
2015-07-20,27.0,745.0,22.0,743.0,1,0,0,0,1,0,0,0,2.0,0,0,0,0,0,0,1,0,2.0,0,0,0,0,0,0,1,0
2015-07-21,20.0,738.0,18.0,739.0,0,0,1,0,0,0,1,0,2.0,0,0,0,0,0,1,0,0,2.0,0,0,0,0,0,1,0,0
2015-07-22,22.0,742.0,17.0,744.0,0,0,1,0,0,1,0,0,3.0,0,0,0,0,0,0,1,0,3.0,0,0,0,0,0,0,1,0
2015-07-23,22.0,745.0,19.0,745.0,1,0,0,0,0,0,1,0,3.0,0,0,0,0,0,0,1,0,3.0,0,0,0,0,0,0,1,0
2015-07-24,26.0,747.0,17.0,747.0,0,1,0,0,1,0,0,0,2.0,0,0,0,0,0,0,1,0,2.0,0,0,0,0,0,0,1,0
2015-07-25,26.0,747.0,19.0,748.0,0,1,0,0,0,1,0,0,3.0,0,0,0,0,0,0,0,1,3.0,0,0,0,0,0,0,0,1
2015-07-26,26.0,749.0,20.0,748.0,0,1,0,0,1,0,0,0,2.0,0,0,0,0,0,0,0,1,2.0,0,0,0,0,0,0,0,1
2015-07-27,28.0,747.0,22.0,747.0,0,1,0,0,1,0,0,0,2.0,0,0,0,0,0,0,0,1,2.0,0,0,0,0,0,0,0,1
2015-07-28,28.0,747.0,19.0,747.0,1,0,0,0,1,0,0,0,2.0,0,0,0,0,0,0,1,0,2.0,0,0,0,0,0,0,1,0
2015-07-29,29.0,746.0,25.0,745.0,0,1,0,0,1,0,0,0,1.0,0,0,0,0,1,0,0,0,1.0,0,0,0,0,1,0,0,0
2015-07-30,28.0,745.0,20.0,746.0,0,1,0,0,1,0,0,0,2.0,1,0,0,0,0,0,0,0,2.0,1,0,0,0,0,0,0,0
2015-07-31,30.0,746.0,22.0,747.0,0,1,0,0,0,1,0,0,3.0,0,0,0,0,0,0,1,0,3.0,0,0,0,0,0,0,1,0
2015-08-1,31.0,746.0,25.0,744.0,0,0,1,0,0,0,1,0,4.0,0,0,0,0,0,0,1,0,4.0,0,0,0,0,0,0,1,0
2015-08-2,22.0,753.0,17.0,754.0,1,0,0,0,1,0,0,0,3.0,1,0,0,0,0,0,0,0,3.0,1,0,0,0,0,0,0,0
2015-08-3,26.0,754.0,18.0,753.0,0,1,0,0,0,1,0,0,2.0,0,0,0,0,0,0,1,0,2.0,0,0,0,0,0,0,1,0
2015-08-4,25.0,750.0,18.0,750.0,0,1,0,0,1,0,0,0,4.0,0,0,0,0,0,0,0,1,4.0,0,0,0,0,0,0,0,1
2015-08-5,23.0,748.0,18.0,748.0,0,0,1,0,0,1,0,0,2.0,1,0,0,0,0,0,0,0,2.0,1,0,0,0,0,0,0,0
2015-08-6,21.0,749.0,16.0,750.0,0,0,1,0,1,0,0,0,3.0,0,0,0,0,0,0,0,1,3.0,0,0,0,0,0,0,0,1
2015-08-7,24.0,752.0,17.0,753.0,0,1,0,0,1,0,0,0,2.0,1,0,0,0,0,0,0,0,2.0,1,0,0,0,0,0,0,0
2015-08-8,21.0,752.0,18.0,751.0,0,0,1,0,0,0,1,0,2.0,0,0,0,0,0,0,1,0,2.0,0,0,0,0,0,0,1,0
2015-08-9,28.0,750.0,18.0,750.0,0,1,0,0,1,0,0,0,2.0,1,0,0,0,0,0,0,0,2.0,1,0,0,0,0,0,0,0
2015-08-10,29.0,747.0,23.0,748.0,0,1,0,0,0,0,1,0,2.0,0,0,0,0,0,0,0,1,2.0,0,0,0,0,0,0,0,1
2015-08-11,26.0,749.0,20.0,751.0,0,1,0,0,1,0,0,0,4.0,0,0,0,0,0,0,0,1,4.0,0,0,0,0,0,0,0,1
2015-08-12,24.0,753.0,20.0,755.0,0,1,0,0,1,0,0,0,2.0,1,0,0,0,0,0,0,0,2.0,1,0,0,0,0,0,0,0
2015-08-13,27.0,754.0,19.0,753.0,0,1,0,0,1,0,0,0,2.0,0,0,0,0,0,0,1,0,2.0,0,0,0,0,0,0,1,0
2015-08-14,29.0,747.0,19.0,747.0,0,1,0,0,0,0,0,1,3.0,0,0,0,0,0,0,1,0,3.0,0,0,0,0,0,0,1,0
2015-08-15,24.0,746.0,14.0,746.0,1,0,0,0,1,0,0,0,1.0,0,0,0,0,0,0,1,0,1.0,0,0,0,0,0,0,1,0
2015-08-16,17.0,744.0,15.0,743.0,0,0,1,0,0,0,0,1,0.0,0,0,0,0,0,0,0,0,0.0,0,0,0,0,0,0,0,0
2015-08-17,19.0,742.0,13.0,743.0,0,0,0,1,0,1,0,0,3.0,0,0,0,0,0,0,0,1,3.0,0,0,0,0,0,0,0,1
2015-08-18,18.0,745.0,14.0,747.0,0,0,0,1,0,0,0,1,3.0,0,0,0,0,0,0,1,0,3.0,0,0,0,0,0,0,1,0
2015-08-19,16.0,749.0,12.0,749.0,0,1,0,0,0,0,0,1,2.0,0,0,0,0,0,0,0,1,2.0,0,0,0,0,0,0,0,1
2015-08-20,16.0,751.0,13.0,752.0,0,1,0,0,0,0,1,0,2.0,0,0,0,0,0,0,0,1,2.0,0,0,0,0,0,0,0,1
2015-08-21,22.0,753.0,17.0,754.0,0,0,1,0,1,0,0,0,2.0,0,0,0,0,0,0,0,1,2.0,0,0,0,0,0,0,0,1
2015-08-22,26.0,753.0,14.0,752.0,0,0,1,0,1,0,0,0,2.0,0,0,0,0,0,0,1,0,2.0,0,0,0,0,0,0,1,0
2015-08-23,20.0,749.0,13.0,751.0,0,1,0,0,1,0,0,0,2.0,1,0,0,0,0,0,0,0,2.0,1,0,0,0,0,0,0,0
2015-08-24,16.0,752.0,11.0,753.0,1,0,0,0,1,0,0,0,2.0,1,0,0,0,0,0,0,0,2.0,1,0,0,0,0,0,0,0
2015-08-25,20.0,749.0,15.0,749.0,0,0,0,1,0,0,0,1,3.0,0,0,0,0,0,0,0,1,3.0,0,0,0,0,0,0,0,1
2015-08-26,14.0,751.0,15.0,750.0,0,0,1,0,0,0,0,1,2.0,0,0,1,0,0,0,0,0,2.0,0,0,1,0,0,0,0,0
2015-08-27,26.0,749.0,16.0,750.0,0,1,0,0,1,0,0,0,1.0,0,0,0,0,0,1,0,0,1.0,0,0,0,0,0,1,0,0
2015-08-28,27.0,749.0,18.0,749.0,0,1,0,0,0,1,0,0,2.0,0,0,0,0,0,0,1,0,2.0,0,0,0,0,0,0,1,0
2015-08-29,24.0,747.0,21.0,743.0,0,0,0,1,0,1,0,0,2.0,0,0,0,0,0,0,1,0,2.0,0,0,0,0,0,0,1,0
2015-08-30,18.0,740.0,9.0,743.0,0,0,0,1,0,0,0,1,5.0,0,0,0,0,0,0,1,0,5.0,0,0,0,0,0,0,1,0
2015-08-31,17.0,745.0,10.0,746.0,0,0,1,0,0,1,0,0,2.0,0,0,0,0,0,0,0,1,2.0,0,0,0,0,0,0,0,1
2015-09-1,17.0,746.0,8.0,747.0,0,1,0,0,1,0,0,0,2.0,0,0,0,0,0,0,0,1,2.0,0,0,0,0,0,0,0,1
2015-09-2,19.0,746.0,9.0,746.0,0,1,0,0,1,0,0,0,3.0,0,0,0,0,0,0,0,1,3.0,0,0,0,0,0,0,0,1
2015-09-3,19.0,747.0,14.0,749.0,0,0,1,0,1,0,0,0,1.0,1,0,0,0,0,0,0,0,1.0,1,0,0,0,0,0,0,0
2015-09-4,21.0,752.0,18.0,752.0,0,0,1,0,0,1,0,0,2.0,0,0,0,0,1,0,0,0,2.0,0,0,0,0,1,0,0,0
2015-09-5,26.0,749.0,18.0,749.0,0,1,0,0,0,0,0,1,1.0,0,0,0,0,1,0,0,0,1.0,0,0,0,0,1,0,0,0
2015-09-6,26.0,748.0,23.0,748.0,0,1,0,0,1,0,0,0,1.0,0,0,0,0,0,0,1,0,1.0,0,0,0,0,0,0,1,0
2015-09-7,34.0,743.0,30.0,743.0,1,0,0,0,1,0,0,0,2.0,0,0,0,0,0,1,0,0,2.0,0,0,0,0,0,1,0,0
2015-09-8,21.0,749.0,15.0,749.0,0,0,0,1,1,0,0,0,3.0,0,0,0,0,0,0,1,0,3.0,0,0,0,0,0,0,1,0
2015-09-9,22.0,752.0,16.0,753.0,0,1,0,0,1,0,0,0,2.0,0,0,0,0,0,0,1,0,2.0,0,0,0,0,0,0,1,0
2015-09-10,19.0,753.0,13.0,753.0,0,0,1,0,0,1,0,0,2.0,0,0,0,0,0,0,1,0,2.0,0,0,0,0,0,0,1,0
2015-09-11,13.0,756.0,11.0,758.0,0,0,1,0,0,1,0,0,3.0,0,0,0,0,0,0,0,1,3.0,0,0,0,0,0,0,0,1
2015-09-12,17.0,760.0,11.0,761.0,1,0,0,0,1,0,0,0,2.0,0,1,0,0,0,0,0,0,2.0,0,1,0,0,0,0,0,0
2015-09-13,0.0,0.0,10.0,761.0,0,0,0,0,1,0,0,0,0.0,0,0,0,0,0,0,0,0,0.0,0,0,0,0,0,0,0,0
2015-09-14,21.0,759.0,13.0,758.0,1,0,0,0,1,0,0,0,1.0,0,0,1,0,0,0,0,0,1.0,0,0,1,0,0,0,0,0
2015-09-15,22.0,755.0,17.0,754.0,0,1,0,0,0,1,0,0,1.0,0,1,0,0,0,0,0,0,1.0,0,1,0,0,0,0,0,0
2015-09-16,22.0,752.0,16.0,752.0,0,1,0,0,1,0,0,0,2.0,0,0,0,0,0,0,1,0,2.0,0,0,0,0,0,0,1,0
2015-09-17,23.0,754.0,15.0,755.0,1,0,0,0,1,0,0,0,1.0,0,0,0,0,0,0,0,1,1.0,0,0,0,0,0,0,0,1
2015-09-18,22.0,754.0,19.0,753.0,0,1,0,0,0,0,0,1,1.0,0,0,0,0,0,0,1,0,1.0,0,0,0,0,0,0,1,0
2015-09-19,28.0,749.0,20.0,749.0,0,1,0,0,1,0,0,0,3.0,0,0,0,0,0,0,1,0,3.0,0,0,0,0,0,0,1,0
2015-09-20,25.0,750.0,18.0,752.0,0,0,1,0,1,0,0,0,2.0,0,0,0,0,0,0,0,1,2.0,0,0,0,0,0,0,0,1
2015-09-21,23.0,754.0,18.0,754.0,1,0,0,0,1,0,0,0,1.0,0,0,1,0,0,0,0,0,1.0,0,0,1,0,0,0,0,0
2015-09-22,26.0,755.0,20.0,755.0,1,0,0,0,1,0,0,0,1.0,0,0,1,0,0,0,0,0,1.0,0,0,1,0,0,0,0,0
2015-09-23,27.0,756.0,22.0,756.0,1,0,0,0,1,0,0,0,1.0,0,0,1,0,0,0,0,0,1.0,0,0,1,0,0,0,0,0
2015-09-24,27.0,757.0,17.0,757.0,0,0,1,0,1,0,0,0,2.0,0,0,0,0,0,0,1,0,2.0,0,0,0,0,0,0,1,0
2015-09-25,27.0,756.0,18.0,756.0,1,0,0,0,1,0,0,0,2.0,0,0,0,0,0,0,0,1,2.0,0,0,0,0,0,0,0,1
2015-09-26,27.0,756.0,17.0,757.0,1,0,0,0,1,0,0,0,1.0,0,0,0,0,0,0,1,0,1.0,0,0,0,0,0,0,1,0
2015-09-27,29.0,758.0,20.0,758.0,1,0,0,0,1,0,0,0,1.0,0,0,0,0,0,0,1,0,1.0,0,0,0,0,0,0,1,0
2015-09-28,28.0,758.0,23.0,758.0,1,0,0,0,1,0,0,0,2.0,0,0,0,0,0,1,0,0,2.0,0,0,0,0,0,1,0,0
2015-09-29,23.0,758.0,17.0,757.0,1,0,0,0,1,0,0,0,3.0,0,0,0,0,1,0,0,0,3.0,0,0,0,0,1,0,0,0
2015-09-30,18.0,755.0,9.0,755.0,0,0,1,0,0,0,0,1,2.0,0,0,0,0,0,0,0,1,2.0,0,0,0,0,0,0,0,1
2015-10-1,13.0,752.0,7.0,751.0,1,0,0,0,1,0,0,0,1.0,0,0,0,0,0,0,0,1,1.0,0,0,0,0,0,0,0,1
2015-10-2,9.0,743.0,9.0,744.0,0,1,0,0,0,0,0,1,3.0,0,0,0,0,0,0,1,0,3.0,0,0,0,0,0,0,1,0
2015-10-3,11.0,736.0,12.0,740.0,0,0,1,0,0,0,1,0,3.0,0,0,0,0,0,0,1,0,3.0,0,0,0,0,0,0,1,0
2015-10-4,11.0,755.0,4.0,756.0,1,0,0,0,1,0,0,0,2.0,0,0,0,0,0,0,0,1,2.0,0,0,0,0,0,0,0,1
2015-10-5,17.0,752.0,12.0,749.0,1,0,0,0,1,0,0,0,3.0,0,0,0,0,0,1,0,0,3.0,0,0,0,0,0,1,0,0
2015-10-6,19.0,742.0,9.0,742.0,0,0,0,1,0,0,0,1,3.0,0,0,0,0,0,1,0,0,3.0,0,0,0,0,0,1,0,0
2015-10-7,3.0,743.0,1.0,742.0,0,0,1,0,0,0,0,1,2.0,1,0,0,0,0,0,0,0,2.0,1,0,0,0,0,0,0,0
2015-10-8,0.0,740.0,-1.0,743.0,0,0,0,1,0,0,1,0,4.0,0,0,0,0,0,0,1,0,4.0,0,0,0,0,0,0,1,0
2015-10-9,1.0,745.0,0.0,745.0,0,0,0,1,0,0,0,1,4.0,0,0,0,0,0,1,0,0,4.0,0,0,0,0,0,1,0,0
2015-10-10,0.0,744.0,0.0,745.0,0,0,1,0,0,0,0,1,3.0,0,0,0,0,0,0,1,0,3.0,0,0,0,0,0,0,1,0
2015-10-11,1.0,748.0,-1.0,749.0,0,0,0,1,0,0,0,1,2.0,0,0,0,0,0,0,1,0,2.0,0,0,0,0,0,0,1,0
2015-10-12,2.0,754.0,2.0,755.0,0,0,0,1,0,0,1,0,4.0,0,0,0,0,0,0,1,0,4.0,0,0,0,0,0,0,1,0
2015-10-13,3.0,758.0,3.0,758.0,0,0,0,1,1,0,0,0,3.0,0,0,0,0,0,0,1,0,3.0,0,0,0,0,0,0,1,0
2015-10-14,9.0,759.0,6.0,760.0,0,0,1,0,1,0,0,0,3.0,0,0,0,0,0,0,1,0,3.0,0,0,0,0,0,0,1,0
2015-10-15,6.0,758.0,5.0,757.0,0,0,1,0,0,0,1,0,4.0,0,0,0,0,0,0,1,0,4.0,0,0,0,0,0,0,1,0
2015-10-16,7.0,758.0,5.0,759.0,0,0,0,1,1,0,0,0,1.0,0,1,0,0,0,0,0,0,1.0,0,1,0,0,0,0,0,0
2015-10-17,10.0,755.0,7.0,753.0,0,0,1,0,0,0,0,1,3.0,0,0,0,0,0,0,1,0,3.0,0,0,0,0,0,0,1,0
2015-10-18,11.0,749.0,9.0,748.0,0,0,1,0,0,0,0,1,3.0,0,0,0,0,0,0,1,0,3.0,0,0,0,0,0,0,1,0
2015-10-19,5.0,746.0,5.0,745.0,0,0,0,1,0,0,0,1,2.0,0,0,0,0,0,0,1,0,2.0,0,0,0,0,0,0,1,0
2015-10-20,1.0,750.0,1.0,754.0,0,0,0,1,0,0,1,0,2.0,1,0,0,0,0,0,0,0,2.0,1,0,0,0,0,0,0,0
2015-10-21,1.0,758.0,-2.0,760.0,0,1,0,0,1,0,0,0,2.0,1,0,0,0,0,0,0,0,2.0,1,0,0,0,0,0,0,0
2015-10-22,3.0,761.0,-2.0,761.0,1,0,0,0,1,0,0,0,1.0,0,0,0,0,1,0,0,0,1.0,0,0,0,0,1,0,0,0
2015-10-23,3.0,758.0,3.0,755.0,0,1,0,0,0,0,0,1,2.0,0,0,0,1,0,0,0,0,2.0,0,0,0,1,0,0,0,0
2015-10-24,0.0,752.0,0.0,752.0,0,0,0,1,0,0,0,1,1.0,0,0,1,0,0,0,0,0,1.0,0,0,1,0,0,0,0,0
2015-10-25,1.0,749.0,2.0,749.0,0,0,0,1,0,0,0,1,2.0,0,0,1,0,0,0,0,0,2.0,0,0,1,0,0,0,0,0
2015-10-26,3.0,746.0,3.0,749.0,0,0,0,1,0,0,0,1,3.0,0,0,0,0,0,1,0,0,3.0,0,0,0,0,0,1,0,0
2015-10-27,7.0,746.0,5.0,745.0,0,0,0,1,0,0,1,0,2.0,0,0,0,0,0,1,0,0,2.0,0,0,0,0,0,1,0,0
2015-10-28,5.0,745.0,4.0,743.0,0,0,1,0,0,0,0,1,1.0,0,0,0,0,1,0,0,0,1.0,0,0,0,0,1,0,0,0
2015-10-29,3.0,746.0,1.0,752.0,0,0,0,1,0,0,1,0,3.0,0,0,0,0,0,0,0,1,3.0,0,0,0,0,0,0,0,1
2015-10-30,0.0,756.0,-1.0,757.0,0,0,1,0,0,0,0,0,2.0,0,0,0,0,0,0,0,1,2.0,0,0,0,0,0,0,0,1
2015-10-31,-1.0,761.0,-2.0,763.0,0,0,0,0,0,0,0,0,2.0,1,0,0,0,0,0,0,0,2.0,1,0,0,0,0,0,0,0
2015-11-1,0.0,755.0,1.0,754.0,0,0,0,1,0,1,0,0,3.0,0,0,0,0,0,0,1,0,3.0,0,0,0,0,0,0,1,0
2015-11-2,3.0,744.0,3.0,744.0,0,0,0,1,0,0,0,1,3.0,0,0,0,0,0,0,1,0,3.0,0,0,0,0,0,0,1,0
2015-11-3,4.0,738.0,5.0,737.0,0,0,0,1,0,0,0,0,3.0,0,0,0,0,0,0,1,0,3.0,0,0,0,0,0,0,1,0
2015-11-4,5.0,743.0,4.0,745.0,0,0,0,1,0,0,0,1,2.0,0,0,0,0,0,0,0,1,2.0,0,0,0,0,0,0,0,1
2015-11-5,5.0,740.0,4.0,739.0,0,0,0,1,0,0,0,1,2.0,0,0,0,0,0,0,1,0,2.0,0,0,0,0,0,0,1,0
2015-11-6,3.0,747.0,3.0,751.0,0,0,0,1,0,0,0,1,5.0,0,0,0,0,0,0,0,1,5.0,0,0,0,0,0,0,0,1
2015-11-7,3.0,756.0,-1.0,756.0,0,1,0,0,1,0,0,0,2.0,0,0,0,0,0,0,1,0,2.0,0,0,0,0,0,0,1,0
2015-11-8,2.0,753.0,2.0,752.0,0,0,0,1,0,0,1,0,2.0,0,0,0,0,0,0,1,0,2.0,0,0,0,0,0,0,1,0
2015-11-9,3.0,751.0,2.0,750.0,0,0,0,1,0,0,1,0,1.0,0,0,0,0,1,0,0,0,1.0,0,0,0,0,1,0,0,0
2015-11-10,2.0,746.0,1.0,743.0,0,0,0,1,0,0,0,1,3.0,0,0,0,0,1,0,0,0,3.0,0,0,0,0,1,0,0,0
2015-11-11,0.0,736.0,1.0,735.0,0,0,0,1,0,0,0,1,3.0,0,0,1,0,0,0,0,0,3.0,0,0,1,0,0,0,0,0
2015-11-12,0.0,738.0,0.0,740.0,0,0,0,1,0,0,0,1,2.0,0,0,1,0,0,0,0,0,2.0,0,0,1,0,0,0,0,0
2015-11-13,-1.0,743.0,-3.0,745.0,0,0,0,1,0,0,0,1,2.0,0,0,1,0,0,0,0,0,2.0,0,0,1,0,0,0,0,0
2015-11-14,-4.0,749.0,-5.0,750.0,0,0,0,1,0,0,1,0,1.0,1,0,0,0,0,0,0,0,1.0,1,0,0,0,0,0,0,0
2015-11-15,-3.0,748.0,-4.0,748.0,0,0,1,0,0,0,0,1,2.0,0,0,1,0,0,0,0,0,2.0,0,0,1,0,0,0,0,0
2015-11-16,-3.0,748.0,-5.0,749.0,0,0,1,0,0,0,0,1,3.0,0,0,1,0,0,0,0,0,3.0,0,0,1,0,0,0,0,0
2015-11-17,-6.0,752.0,-7.0,754.0,0,1,0,0,0,0,1,0,3.0,0,0,1,0,0,0,0,0,3.0,0,0,1,0,0,0,0,0
2015-11-18,-4.0,754.0,-5.0,755.0,0,1,0,0,0,1,0,0,1.0,0,0,1,0,0,0,0,0,1.0,0,0,1,0,0,0,0,0
2015-11-19,-6.0,755.0,-6.0,755.0,0,0,0,1,0,0,0,1,1.0,0,0,0,0,1,0,0,0,1.0,0,0,0,0,1,0,0,0
2015-11-20,-9.0,752.0,-9.0,750.0,0,0,0,1,0,0,0,1,4.0,0,0,1,0,0,0,0,0,4.0,0,0,1,0,0,0,0,0
2015-11-21,3.0,741.0,3.0,744.0,0,0,0,1,0,0,0,0,3.0,0,0,0,0,0,1,0,0,3.0,0,0,0,0,0,1,0,0
2015-11-22,7.0,746.0,8.0,746.0,0,0,0,1,0,0,0,1,2.0,0,0,0,0,0,1,0,0,2.0,0,0,0,0,0,1,0,0
2015-11-23,10.0,748.0,10.0,749.0,0,0,0,1,0,0,0,1,2.0,0,0,0,0,0,1,0,0,2.0,0,0,0,0,0,1,0,0
2015-11-24,3.0,755.0,2.0,756.0,0,0,0,1,0,0,1,0,2.0,0,0,0,0,0,0,0,1,2.0,0,0,0,0,0,0,0,1
2015-11-25,1.0,752.0,0.0,752.0,0,0,1,0,0,0,0,1,2.0,0,0,1,0,0,0,0,0,2.0,0,0,1,0,0,0,0,0
2015-11-26,0.0,744.0,2.0,740.0,0,0,0,1,0,0,0,1,4.0,0,0,1,0,0,0,0,0,4.0,0,0,1,0,0,0,0,0
2015-11-27,-4.0,746.0,-5.0,749.0,0,0,0,1,0,0,1,0,4.0,0,0,0,0,0,0,1,0,4.0,0,0,0,0,0,0,1,0
2015-11-28,-2.0,751.0,-3.0,752.0,1,0,0,0,1,0,0,0,3.0,0,0,0,0,0,0,1,0,3.0,0,0,0,0,0,0,1,0
2015-11-29,2.0,754.0,-2.0,755.0,0,0,0,1,1,0,0,0,0.0,0,0,0,0,0,0,0,0,0.0,0,0,0,0,0,0,0,0
2015-11-30,0.0,752.0,-1.0,750.0,0,1,0,0,0,0,0,1,2.0,0,0,1,0,0,0,0,0,2.0,0,0,1,0,0,0,0,0
2015-12-1,-1.0,749.0,-1.0,746.0,0,0,0,1,0,0,0,1,1.0,0,0,1,0,0,0,0,0,1.0,0,0,1,0,0,0,0,0
2015-12-2,1.0,749.0,0.0,750.0,0,0,0,1,1,0,0,0,1.0,0,0,0,1,0,0,0,0,1.0,0,0,0,1,0,0,0,0
2015-12-3,-1.0,754.0,-2.0,756.0,0,1,0,0,0,0,0,1,2.0,0,1,0,0,0,0,0,0,2.0,0,1,0,0,0,0,0,0
2015-12-4,-3.0,755.0,-2.0,753.0,0,0,0,1,0,0,0,1,2.0,0,0,0,0,0,0,1,0,2.0,0,0,0,0,0,0,1,0
2015-12-5,-1.0,748.0,-1.0,745.0,0,0,0,1,0,0,0,1,2.0,0,0,0,0,0,1,0,0,2.0,0,0,0,0,0,1,0,0
2015-12-6,2.0,745.0,1.0,743.0,0,0,1,0,0,0,0,1,3.0,0,0,0,0,0,0,1,0,3.0,0,0,0,0,0,0,1,0
2015-12-7,2.0,731.0,3.0,731.0,0,0,0,1,0,0,0,1,4.0,0,0,0,0,0,0,1,0,4.0,0,0,0,0,0,0,1,0
2015-12-8,1.0,737.0,1.0,741.0,0,0,0,1,0,0,0,1,3.0,0,0,0,0,0,0,0,1,3.0,0,0,0,0,0,0,0,1
2015-12-9,0.0,754.0,-1.0,755.0,0,1,0,0,0,1,0,0,3.0,0,0,0,0,0,0,0,1,3.0,0,0,0,0,0,0,0,1
2015-12-10,2.0,753.0,1.0,752.0,1,0,0,0,0,1,0,0,5.0,0,0,0,0,0,0,1,0,5.0,0,0,0,0,0,0,1,0
2015-12-11,-1.0,756.0,-2.0,755.0,0,0,0,1,0,0,1,0,2.0,0,0,0,0,0,0,1,0,2.0,0,0,0,0,0,0,1,0
2015-12-12,-2.0,753.0,0.0,752.0,0,1,0,0,0,0,0,1,2.0,0,0,0,0,0,1,0,0,2.0,0,0,0,0,0,1,0,0
2015-12-13,1.0,744.0,-1.0,746.0,0,0,0,1,0,0,0,1,2.0,0,0,0,0,1,0,0,0,2.0,0,0,0,0,1,0,0,0
2015-12-14,0.0,752.0,-4.0,753.0,0,0,0,1,1,0,0,0,2.0,0,0,0,0,0,0,1,0,2.0,0,0,0,0,0,0,1,0
2015-12-15,-2.0,751.0,-3.0,749.0,0,0,0,1,0,0,0,1,2.0,0,0,0,1,0,0,0,0,2.0,0,0,0,1,0,0,0,0
2015-12-16,-4.0,744.0,-5.0,743.0,0,0,0,1,0,0,0,1,1.0,0,0,0,0,0,0,0,1,1.0,0,0,0,0,0,0,0,1
2015-12-17,-9.0,743.0,-10.0,746.0,0,0,1,0,0,0,0,1,3.0,0,0,0,0,0,0,0,1,3.0,0,0,0,0,0,0,0,1
2015-12-18,-10.0,752.0,-12.0,752.0,1,0,0,0,0,0,0,1,2.0,0,0,0,0,0,0,1,0,2.0,0,0,0,0,0,0,1,0
2015-12-19,-16.0,754.0,-13.0,750.0,1,0,0,0,0,0,0,1,1.0,0,0,1,0,0,0,0,0,1.0,0,0,1,0,0,0,0,0
2015-12-20,-6.0,743.0,-5.0,745.0,0,0,0,1,0,0,0,1,2.0,0,0,1,0,0,0,0,0,2.0,0,0,1,0,0,0,0,0
2015-12-21,-1.0,746.0,-1.0,743.0,0,0,0,1,0,0,0,1,1.0,0,0,0,0,1,0,0,0,1.0,0,0,0,0,1,0,0,0
2015-12-22,2.0,736.0,0.0,0.0,0,0,0,1,0,0,0,0,0.0,0,0,0,0,0,0,0,0,0.0,0,0,0,0,0,0,0,0
2015-12-23,2.0,741.0,2.0,742.0,0,0,0,1,0,0,0,1,2.0,0,0,0,0,0,0,1,0,2.0,0,0,0,0,0,0,1,0
2015-12-24,1.0,730.0,0.0,733.0,0,0,0,0,0,0,0,0,1.0,0,0,1,0,0,0,0,0,1.0,0,0,1,0,0,0,0,0
2015-12-25,-1.0,743.0,-3.0,746.0,0,0,0,1,0,0,0,1,5.0,0,0,0,0,0,0,0,1,5.0,0,0,0,0,0,0,0,1
2015-12-26,-5.0,743.0,-2.0,740.0,0,0,0,1,0,0,0,1,2.0,0,0,0,0,0,1,0,0,2.0,0,0,0,0,0,1,0,0
2015-12-27,1.0,736.0,-3.0,735.0,0,0,0,1,0,0,0,1,2.0,0,0,0,0,0,0,1,0,2.0,0,0,0,0,0,0,1,0
2015-12-28,-4.0,745.0,-3.0,748.0,0,0,0,1,0,0,0,1,3.0,0,0,0,0,0,0,1,0,3.0,0,0,0,0,0,0,1,0
2015-12-29,-6.0,752.0,-8.0,754.0,0,0,0,1,0,0,0,1,3.0,0,0,0,0,0,0,0,1,3.0,0,0,0,0,0,0,0,1
2015-12-30,-11.0,757.0,-15.0,758.0,0,1,0,0,0,0,0,1,1.0,1,0,0,0,0,0,0,0,1.0,1,0,0,0,0,0,0,0
2015-12-31,-16.0,759.0,-16.0,760.0,1,0,0,0,1,0,0,0,2.0,0,1,0,0,0,0,0,0,2.0,0,1,0,0,0,0,0,0
2016-01-1,-16.0,762.0,-18.0,762.0,1,0,0,0,1,0,0,0,2.0,0,1,0,0,0,0,0,0,2.0,0,1,0,0,0,0,0,0
2016-01-2,-19.0,760.0,-20.0,758.0,0,1,0,0,0,1,0,0,1.0,0,0,1,0,0,0,0,0,1.0,0,0,1,0,0,0,0,0
2016-01-3,-12.0,745.0,-14.0,745.0,0,0,0,1,0,0,0,1,3.0,0,0,1,0,0,0,0,0,3.0,0,0,1,0,0,0,0,0
2016-01-4,-17.0,752.0,-17.0,755.0,0,1,0,0,0,1,0,0,2.0,0,0,0,1,0,0,0,0,2.0,0,0,0,1,0,0,0,0
2016-01-5,0.0,0.0,-15.0,758.0,0,0,0,0,0,0,0,1,0.0,0,0,0,0,0,0,0,0,0.0,0,0,0,0,0,0,0,0
2016-01-6,-16.0,756.0,-17.0,755.0,0,0,1,0,0,1,0,0,4.0,0,0,1,0,0,0,0,0,4.0,0,0,1,0,0,0,0,0
2016-01-7,-16.0,752.0,-14.0,751.0,0,0,0,1,0,0,0,1,3.0,0,0,1,0,0,0,0,0,3.0,0,0,1,0,0,0,0,0
2016-01-8,-9.0,750.0,-7.0,749.0,0,0,0,1,0,0,0,1,3.0,0,0,1,0,0,0,0,0,3.0,0,0,1,0,0,0,0,0
2016-01-9,-6.0,740.0,-3.0,737.0,0,0,0,1,0,0,0,1,5.0,0,0,1,0,0,0,0,0,5.0,0,0,1,0,0,0,0,0
2016-01-10,0.0,0.0,-6.0,738.0,0,0,0,0,0,0,0,1,0.0,0,0,0,0,0,0,0,0,0.0,0,0,0,0,0,0,0,0
2016-01-11,-12.0,744.0,-15.0,747.0,0,0,1,0,1,0,0,0,2.0,0,0,0,0,0,0,1,0,2.0,0,0,0,0,0,0,1,0
2016-01-12,-17.0,755.0,-19.0,754.0,1,0,0,0,1,0,0,0,1.0,0,0,0,0,0,0,1,0,1.0,0,0,0,0,0,0,1,0
2016-01-13,-11.0,747.0,-9.0,746.0,0,0,0,1,0,0,0,1,4.0,0,0,1,0,0,0,0,0,4.0,0,0,1,0,0,0,0,0
2016-01-14,-6.0,747.0,-7.0,746.0,0,0,0,1,0,0,0,1,2.0,0,0,0,1,0,0,0,0,2.0,0,0,0,1,0,0,0,0
2016-01-15,-5.0,749.0,-4.0,750.0,0,0,0,1,0,0,1,0,2.0,0,0,0,0,0,0,1,0,2.0,0,0,0,0,0,0,1,0
2016-01-16,-6.0,756.0,-13.0,758.0,1,0,0,0,1,0,0,0,1.0,0,0,0,0,0,0,0,1,1.0,0,0,0,0,0,0,0,1
2016-01-17,-12.0,755.0,-8.0,753.0,1,0,0,0,0,0,0,1,4.0,0,0,1,0,0,0,0,0,4.0,0,0,1,0,0,0,0,0
2016-01-18,-4.0,752.0,-4.0,751.0,0,0,0,1,0,0,0,1,3.0,0,0,0,1,0,0,0,0,3.0,0,0,0,1,0,0,0,0
2016-01-19,-7.0,743.0,-5.0,742.0,0,0,0,1,0,0,0,1,3.0,0,0,1,0,0,0,0,0,3.0,0,0,1,0,0,0,0,0
2016-01-20,-2.0,741.0,-3.0,742.0,0,0,0,1,0,0,0,1,1.0,0,0,1,0,0,0,0,0,1.0,0,0,1,0,0,0,0,0
2016-01-21,-8.0,754.0,-10.0,759.0,0,1,0,0,1,0,0,0,4.0,0,0,0,0,0,1,0,0,4.0,0,0,0,0,0,1,0,0
2016-01-22,-12.0,764.0,-10.0,761.0,0,0,0,1,0,0,0,1,3.0,0,0,1,0,0,0,0,0,3.0,0,0,1,0,0,0,0,0
2016-01-23,-6.0,758.0,-8.0,756.0,0,1,0,0,0,0,0,1,2.0,0,0,0,1,0,0,0,0,2.0,0,0,0,1,0,0,0,0
2016-01-24,-8.0,757.0,-13.0,758.0,0,0,0,1,0,1,0,0,1.0,0,1,0,0,0,0,0,0,1.0,0,1,0,0,0,0,0,0
2016-01-25,-19.0,756.0,-22.0,756.0,1,0,0,0,1,0,0,0,2.0,0,0,0,0,0,0,0,1,2.0,0,0,0,0,0,0,0,1
2016-01-26,-19.0,755.0,-22.0,756.0,1,0,0,0,1,0,0,0,4.0,0,0,0,0,0,0,0,1,4.0,0,0,0,0,0,0,0,1
2016-01-27,-17.0,755.0,-20.0,755.0,1,0,0,0,1,0,0,0,2.0,0,0,1,0,0,0,0,0,2.0,0,0,1,0,0,0,0,0
2016-01-28,-17.0,753.0,-20.0,754.0,1,0,0,0,1,0,0,0,2.0,0,0,1,0,0,0,0,0,2.0,0,0,1,0,0,0,0,0
2016-01-29,-11.0,745.0,-10.0,744.0,0,0,0,1,0,0,0,1,3.0,0,0,0,1,0,0,0,0,3.0,0,0,0,1,0,0,0,0
2016-01-30,-3.0,746.0,-1.0,747.0,0,0,0,1,0,0,1,0,1.0,0,0,0,0,0,0,1,0,1.0,0,0,0,0,0,0,1,0
2016-01-31,1.0,749.0,0.0,749.0,0,0,0,1,0,0,0,1,1.0,0,0,0,0,1,0,0,0,1.0,0,0,0,0,1,0,0,0
